Title,Name,Email,Phone Number,Course Type,Location,Hours,Agreed to Terms
Ms,Poppy Dillway,pdillway0@marriott.com,3319161775,Studio,By Email,1pm - 3pm,true
Prof,William Floodgate,wfloodgate1@nih.gov,6827510357,Laboratory,By Email,6pm - 8pm,true
Dr,Patty Swafford,pswafford2@cbc.ca,4609904582,Independent Study,By Phone,6pm - 8pm,true
Ms,Bevon Dimnage,bdimnage3@statcounter.com,7507562812,Internship/Practicum,By Email,2pm - 4pm,true
Engr,Angel Luto,aluto4@zimbio.com,1218350866,Lecture,By Email,4pm - 6pm,true
Mrs,Kennett Phoenix,kphoenix5@mysql.com,5135123177,Independent Study,By Phone,2pm - 4pm,true
Mr,Abraham Chitson,achitson6@wired.com,4615738977,Internship/Practicum,By Email,5pm - 7pm,true
Engr,Douglass Giddy,dgiddy7@goo.gl,5827860922,Lecture,By Phone,7pm- 9pm,true
Mr,Dieter Pagel,dpagel8@youku.com,6702991840,Studio,By Phone,1pm - 3pm,true
Mr,Britteny Roma,broma9@state.tx.us,5871069919,Research,By Email,9am - 11am,true
Mr,Ted Mazillius,tmazilliusa@last.fm,4397424048,Laboratory,By Email,5pm - 7pm,true
Engr,Rina Whitty,rwhittyb@elegantthemes.com,6689851426,Laboratory,By Phone,8am - 10 am,true
Ms,Traver Savage,tsavagec@soup.io,5399132801,Research,By Email,10am - 12pm,true
Prof,Dukie Duffer,ddufferd@nih.gov,1988013969,Research,By Email,10am - 12pm,true
Mrs,Elise Henrionot,ehenrionote@imgur.com,8958436084,Studio,By Phone,4pm - 6pm,true
Prof,Camille Heynel,cheynelf@imdb.com,2784760656,Internship/Practicum,By Phone,4pm - 6pm,true
Ms,Mitzi Rizzone,mrizzoneg@hatena.ne.jp,6618339671,Laboratory,By Email,6pm - 8pm,true
Mr,Nathalie Giberd,ngiberdh@upenn.edu,8333670617,Independent Study,By Phone,8am - 10 am,true
Prof,Dall Lafoy,dlafoyi@blogtalkradio.com,2519776580,Lecture Lab,By Phone,10am - 12pm,true
Mrs,Francisca Rosenshine,frosenshinej@nps.gov,4967152137,Internship/Practicum,By Email,1pm - 3pm,true
Dr,Cedric McParland,cmcparlandk@artisteer.com,9255963279,Lecture Lab,By Phone,8am - 10 am,true
Mrs,Scot Robison,srobisonl@canalblog.com,3112966581,Lecture,By Email,1pm - 3pm,true
Mrs,Zelma Bazelle,zbazellem@dagondesign.com,4786225464,Lecture,By Email,2pm - 4pm,true
Prof,Clemente Mattiussi,cmattiussin@cbslocal.com,5968803923,Independent Study,By Email,3pm - 5pm,true
Prof,Ash Gudgen,agudgeno@last.fm,7598761535,Lecture,By Email,3pm - 5pm,true
Prof,Marcelle Corby,mcorbyp@squarespace.com,6162657176,Lecture Lab,By Email,5pm - 7pm,true
Prof,Almire Stafford,astaffordq@comsenz.com,3107443685,Lecture Lab,By Phone,6pm - 8pm,true
Mrs,Florette Rhodes,frhodesr@rambler.ru,6901646197,Research,By Email,8am - 10 am,true
Dr,Car Lochhead,clochheads@gmpg.org,6369824838,Internship/Practicum,By Email,6pm - 8pm,true
Dr,Mart Finn,mfinnt@squidoo.com,3734622830,Studio,By Email,7pm- 9pm,true
Ms,Luz Gunning,lgunningu@lulu.com,5327641178,Lecture Lab,By Email,1pm - 3pm,true
Ms,Selene Jentges,sjentgesv@epa.gov,7891547022,Independent Study,By Phone,8am - 10 am,true
Mrs,Damon Cokely,dcokelyw@google.ru,2295836144,Independent Study,By Phone,9am - 11am,true
Dr,Marrissa Rudham,mrudhamx@pinterest.com,3955596625,Research,By Email,8pm - 10pm,true
Prof,Sander McCafferky,smccafferkyy@usatoday.com,4516182445,Internship/Practicum,By Phone,8pm - 10pm,true
Engr,Stanley Bearward,sbearwardz@dailymotion.com,9049332532,Internship/Practicum,By Email,8pm - 10pm,true
Mr,Waring Benne,wbenne10@latimes.com,5595599845,Studio,By Phone,1pm - 3pm,true
Mr,Abie Huriche,ahuriche11@fotki.com,8356325880,Internship/Practicum,By Email,7pm- 9pm,true
Mr,Chucho Mauditt,cmauditt12@abc.net.au,9542054337,Lecture,By Phone,10am - 12pm,true
Dr,Kinnie Bernt,kbernt13@plala.or.jp,3362912478,Lecture Lab,By Email,8pm - 10pm,true
Ms,Grady Handling,ghandling14@opensource.org,5137432140,Laboratory,By Email,3pm - 5pm,true
Dr,Ada Crauford,acrauford15@nydailynews.com,3052565286,Laboratory,By Phone,8am - 10 am,true
Dr,Stacee Grimmert,sgrimmert16@engadget.com,5521651975,Lecture Lab,By Email,2pm - 4pm,true
Mr,Andra Decaze,adecaze17@blinklist.com,5506260323,Internship/Practicum,By Phone,8am - 10 am,true
Mr,Dante Posnett,dposnett18@multiply.com,8885203846,Research,By Phone,10am - 12pm,true
Engr,Jules Wannop,jwannop19@jigsy.com,5352006991,Laboratory,By Phone,7pm- 9pm,true
Mr,Reilly Ryley,rryley1a@furl.net,8685465975,Lecture Lab,By Phone,10am - 12pm,true
Prof,Kevina Fridd,kfridd1b@cornell.edu,3139521182,Laboratory,By Email,5pm - 7pm,true
Engr,Alfy Mews,amews1c@apple.com,4527384535,Studio,By Email,10am - 12pm,true
Prof,Sascha Kroll,skroll1d@vinaora.com,2297573946,Laboratory,By Phone,7pm- 9pm,true
Prof,Saunderson Quaintance,squaintance1e@google.co.uk,8206532828,Lecture Lab,By Phone,9am - 11am,true
Prof,Christina MacKain,cmackain1f@networkadvertising.org,5772185707,Laboratory,By Phone,1pm - 3pm,true
Mrs,Hailee Cockings,hcockings1g@pinterest.com,7074817786,Studio,By Email,9am - 11am,true
Prof,Imojean Bage,ibage1h@networkadvertising.org,3096937211,Independent Study,By Phone,5pm - 7pm,true
Ms,Karyn Rousby,krousby1i@51.la,5083861433,Independent Study,By Phone,8pm - 10pm,true
Prof,Jocko Jarlmann,jjarlmann1j@google.it,3428078487,Lecture,By Phone,10am - 12pm,true
Dr,Christine Barnfather,cbarnfather1k@newsvine.com,5598005760,Studio,By Phone,10am - 12pm,true
Ms,Alysia Whaley,awhaley1l@multiply.com,5405589600,Research,By Phone,10am - 12pm,true
Mrs,Daisie Gencke,dgencke1m@mashable.com,6462850974,Lecture,By Email,5pm - 7pm,true
Prof,Herman Cohrs,hcohrs1n@purevolume.com,3326958328,Lecture Lab,By Email,5pm - 7pm,true
Engr,Maura Fermer,mfermer1o@reddit.com,5149002225,Lecture Lab,By Email,4pm - 6pm,true
Dr,Christin McGill,cmcgill1p@posterous.com,7085929076,Research,By Phone,3pm - 5pm,true
Engr,Biddy Ingree,bingree1q@cnet.com,4116855886,Independent Study,By Phone,8am - 10 am,true
Mr,Corey Dunbobin,cdunbobin1r@whitehouse.gov,1882827850,Lecture,By Phone,3pm - 5pm,true
Prof,Paige Monk,pmonk1s@arstechnica.com,1374422171,Research,By Email,9am - 11am,true
Engr,Kalinda Foffano,kfoffano1t@utexas.edu,2943562384,Independent Study,By Phone,4pm - 6pm,true
Ms,Delphinia Grissett,dgrissett1u@berkeley.edu,9545010620,Independent Study,By Email,4pm - 6pm,true
Ms,Correy Grunder,cgrunder1v@wikispaces.com,5566359475,Research,By Email,8pm - 10pm,true
Ms,Khalil Doubleday,kdoubleday1w@intel.com,7629098224,Laboratory,By Phone,4pm - 6pm,true
Mrs,Osbert Balint,obalint1x@desdev.cn,1514612690,Research,By Email,5pm - 7pm,true
Mr,Dorolisa Rotham,drotham1y@exblog.jp,2267248359,Laboratory,By Phone,6pm - 8pm,true
Mr,Penny Loreit,ploreit1z@google.co.jp,3431160180,Lecture,By Email,10am - 12pm,true
Dr,Rona Zoellner,rzoellner20@prweb.com,1599840661,Research,By Phone,8am - 10 am,true
Mr,Isadora Matterface,imatterface21@wufoo.com,2161775914,Laboratory,By Phone,8pm - 10pm,true
Mrs,Minny Freeland,mfreeland22@epa.gov,6813053632,Internship/Practicum,By Phone,10am - 12pm,true
Mrs,Valaree Rochford,vrochford23@webeden.co.uk,7672075052,Internship/Practicum,By Email,5pm - 7pm,true
Mrs,Otto Kemell,okemell24@examiner.com,2383042429,Laboratory,By Phone,6pm - 8pm,true
Dr,Melinda Pickard,mpickard25@imgur.com,1237005413,Laboratory,By Email,6pm - 8pm,true
Mrs,Georgie Josovitz,gjosovitz26@amazon.co.jp,8083499995,Internship/Practicum,By Phone,2pm - 4pm,true
Mrs,Larine Powell,lpowell27@youtu.be,8487305620,Internship/Practicum,By Phone,7pm- 9pm,true
Mrs,Penelope Acock,pacock28@mashable.com,3812601450,Research,By Phone,1pm - 3pm,true
Ms,Sonni Flamank,sflamank29@goo.ne.jp,8233813603,Studio,By Email,2pm - 4pm,true
Mr,Ira Balchin,ibalchin2a@slate.com,4188403992,Lecture,By Email,2pm - 4pm,true
Mr,Joelly Gresty,jgresty2b@photobucket.com,1675376180,Laboratory,By Email,7pm- 9pm,true
Ms,Christean Houselee,chouselee2c@yelp.com,6556239342,Laboratory,By Phone,7pm- 9pm,true
Ms,Marty Widdall,mwiddall2d@dagondesign.com,8591715482,Lecture Lab,By Email,1pm - 3pm,true
Mr,Bruis Verden,bverden2e@smh.com.au,5763975989,Research,By Phone,9am - 11am,true
Ms,Jacquelynn Portt,jportt2f@irs.gov,8414949363,Research,By Phone,10am - 12pm,true
Engr,Cody Le Fleming,cle2g@fda.gov,6871605504,Lecture Lab,By Email,7pm- 9pm,true
Ms,Mollee Tows,mtows2h@nba.com,7926807780,Independent Study,By Email,9am - 11am,true
Ms,Chiarra Lamprey,clamprey2i@bluehost.com,8756255114,Independent Study,By Phone,3pm - 5pm,true
Prof,Amalie Crabtree,acrabtree2j@ucla.edu,4787492123,Independent Study,By Phone,2pm - 4pm,true
Engr,Abbi Monte,amonte2k@harvard.edu,8078690908,Independent Study,By Phone,1pm - 3pm,true
Mr,Louise De Filippis,lde2l@bloglines.com,6232578970,Studio,By Phone,10am - 12pm,true
Engr,Jody Curzon,jcurzon2m@google.co.jp,3143565443,Research,By Phone,8am - 10 am,true
Prof,Menard Terbeck,mterbeck2n@accuweather.com,4139325040,Lecture,By Phone,8pm - 10pm,true
Dr,Rogers Pietruszka,rpietruszka2o@abc.net.au,8654231697,Studio,By Phone,5pm - 7pm,true
Prof,Kaylyn Sleany,ksleany2p@bizjournals.com,9153131914,Studio,By Email,4pm - 6pm,true
Mr,Katharina Potell,kpotell2q@ibm.com,8722474094,Lecture Lab,By Phone,4pm - 6pm,true
Engr,Zabrina Warkup,zwarkup2r@noaa.gov,7724329471,Lecture Lab,By Email,8am - 10 am,true
Engr,Lorain Bilby,lbilby2s@bravesites.com,4198519294,Studio,By Email,3pm - 5pm,true
Mr,Arlyn Erickson,aerickson2t@last.fm,5307933530,Research,By Email,6pm - 8pm,true
Ms,Arron Obern,aobern2u@forbes.com,5497901825,Research,By Email,2pm - 4pm,true
Dr,Obediah Beetlestone,obeetlestone2v@nbcnews.com,4091183133,Internship/Practicum,By Phone,5pm - 7pm,true
Ms,Toiboid Thomassen,tthomassen2w@freewebs.com,9738147156,Internship/Practicum,By Email,5pm - 7pm,true
Dr,Berkeley Chadbourne,bchadbourne2x@zdnet.com,2123698593,Studio,By Phone,3pm - 5pm,true
Engr,Sarina Langhorn,slanghorn2y@youku.com,6892241671,Laboratory,By Phone,7pm- 9pm,true
Mr,Dukie Fochs,dfochs2z@barnesandnoble.com,8372455697,Laboratory,By Email,3pm - 5pm,true
Mrs,Coleen Valasek,cvalasek30@people.com.cn,7591606518,Lecture Lab,By Phone,4pm - 6pm,true
Engr,Malynda Tweedy,mtweedy31@ezinearticles.com,5954683409,Independent Study,By Phone,2pm - 4pm,true
Mrs,Haley Saffe,hsaffe32@sitemeter.com,1574933985,Studio,By Email,7pm- 9pm,true
Dr,Benedick Bugdale,bbugdale33@indiegogo.com,9585887372,Lecture,By Phone,10am - 12pm,true
Ms,Jacklin Hofton,jhofton34@edublogs.org,4968145638,Lecture,By Email,1pm - 3pm,true
Mr,Cicily Lavrinov,clavrinov35@whitehouse.gov,6301414365,Studio,By Email,8pm - 10pm,true
Mrs,Ingeborg McClancy,imcclancy36@icq.com,7907477317,Lecture Lab,By Email,7pm- 9pm,true
Dr,Jazmin Vernon,jvernon37@cafepress.com,2217695199,Internship/Practicum,By Email,5pm - 7pm,true
Mr,Renato Bene,rbene38@nydailynews.com,2785381341,Lecture Lab,By Email,10am - 12pm,true
Dr,Dania Clymo,dclymo39@oakley.com,1272128219,Internship/Practicum,By Email,6pm - 8pm,true
Engr,Violet Creaven,vcreaven3a@usgs.gov,1111914720,Laboratory,By Phone,10am - 12pm,true
Prof,Shina Buckwell,sbuckwell3b@smh.com.au,2143583802,Studio,By Phone,9am - 11am,true
Prof,Bev Franchi,bfranchi3c@hhs.gov,6361320569,Research,By Email,4pm - 6pm,true
Dr,Leonard Grealy,lgrealy3d@bandcamp.com,1084592702,Internship/Practicum,By Email,8am - 10 am,true
Engr,Bee Adelberg,badelberg3e@hexun.com,6829810694,Research,By Phone,1pm - 3pm,true
Dr,Putnem Waind,pwaind3f@cnbc.com,7692767329,Lecture,By Phone,3pm - 5pm,true
Engr,Skelly Meaddowcroft,smeaddowcroft3g@plala.or.jp,1644988004,Internship/Practicum,By Email,2pm - 4pm,true
Ms,Corilla Ivers,civers3h@tiny.cc,1131818158,Independent Study,By Phone,5pm - 7pm,true
Mrs,Adrea Warhurst,awarhurst3i@fotki.com,2265046524,Lecture,By Email,7pm- 9pm,true
Prof,Pancho Saura,psaura3j@harvard.edu,9038699483,Lecture,By Phone,1pm - 3pm,true
Dr,Fax Gott,fgott3k@wordpress.com,8956361412,Lecture,By Phone,8am - 10 am,true
Prof,Conant Dourin,cdourin3l@freewebs.com,6235816935,Independent Study,By Phone,6pm - 8pm,true
Mrs,Wallie Woodroff,wwoodroff3m@wikimedia.org,7972826689,Independent Study,By Phone,1pm - 3pm,true
Prof,Dierdre Pfeuffer,dpfeuffer3n@discovery.com,7003190035,Internship/Practicum,By Phone,4pm - 6pm,true
Ms,Camey Brunesco,cbrunesco3o@stanford.edu,6648681278,Lecture Lab,By Email,3pm - 5pm,true
Dr,Wilden Drane,wdrane3p@devhub.com,9648074098,Independent Study,By Email,10am - 12pm,true
Ms,Jedd Whitaker,jwhitaker3q@slideshare.net,3841462217,Lecture Lab,By Email,2pm - 4pm,true
Mrs,Cordi Sleep,csleep3r@yellowbook.com,4693499519,Laboratory,By Email,1pm - 3pm,true
Prof,Cherri Dominico,cdominico3s@nih.gov,9626737528,Lecture Lab,By Phone,7pm- 9pm,true
Mr,Lyell Petrussi,lpetrussi3t@homestead.com,7812123343,Research,By Email,10am - 12pm,true
Ms,Rey Mead,rmead3u@weather.com,3542070235,Lecture Lab,By Phone,2pm - 4pm,true
Engr,Piggy Esparza,pesparza3v@china.com.cn,9543101014,Lecture,By Phone,4pm - 6pm,true
Ms,Nichol Overstone,noverstone3w@deviantart.com,3662618012,Studio,By Phone,2pm - 4pm,true
Mrs,Janeva Richin,jrichin3x@mozilla.org,9261061577,Internship/Practicum,By Email,5pm - 7pm,true
Dr,Evelyn Wiltshier,ewiltshier3y@dailymotion.com,3913822094,Lecture Lab,By Email,7pm- 9pm,true
Mr,Maximilien Lorrimer,mlorrimer3z@hatena.ne.jp,6276573547,Lecture,By Email,7pm- 9pm,true
Dr,Teodora Wilne,twilne40@mozilla.com,7191411796,Independent Study,By Phone,4pm - 6pm,true
Mr,Barny Neiland,bneiland41@senate.gov,2489964175,Lecture Lab,By Email,3pm - 5pm,true
Engr,Freedman Whitman,fwhitman42@statcounter.com,2195438311,Internship/Practicum,By Email,1pm - 3pm,true
Mrs,Morton Hanster,mhanster43@businessweek.com,6522217344,Studio,By Email,7pm- 9pm,true
Engr,Collette Bunyan,cbunyan44@archive.org,7464124860,Lecture,By Phone,8am - 10 am,true
Ms,Eldon Luxmoore,eluxmoore45@merriam-webster.com,6735649684,Laboratory,By Phone,2pm - 4pm,true
Engr,Donny Sudddard,dsudddard46@blogger.com,6054723727,Lecture,By Email,8am - 10 am,true
Prof,Theodor Whistlecroft,twhistlecroft47@desdev.cn,7479081385,Internship/Practicum,By Email,3pm - 5pm,true
Prof,Dun Linfitt,dlinfitt48@princeton.edu,6001491527,Internship/Practicum,By Email,8pm - 10pm,true
Mrs,Teressa Holehouse,tholehouse49@sina.com.cn,8666909230,Studio,By Phone,8am - 10 am,true
Dr,Wilmette Augustin,waugustin4a@bing.com,2942882983,Independent Study,By Email,10am - 12pm,true
Engr,Fancy Papez,fpapez4b@businessinsider.com,9563775743,Internship/Practicum,By Email,8am - 10 am,true
Ms,Mal Maulden,mmaulden4c@scribd.com,9596557226,Internship/Practicum,By Phone,7pm- 9pm,true
Ms,Bertina Ende,bende4d@e-recht24.de,6134607239,Research,By Phone,4pm - 6pm,true
Engr,Kathryne Rossey,krossey4e@purevolume.com,2844386632,Research,By Phone,9am - 11am,true
Dr,Rena Beaumont,rbeaumont4f@intel.com,6125468878,Research,By Email,10am - 12pm,true
Dr,Bentley Henrichs,bhenrichs4g@alexa.com,2167200167,Laboratory,By Email,2pm - 4pm,true
Ms,Judith Caffery,jcaffery4h@bandcamp.com,8696457179,Studio,By Email,5pm - 7pm,true
Mrs,Sharleen Fechnie,sfechnie4i@wp.com,2536675258,Internship/Practicum,By Phone,1pm - 3pm,true
Engr,Alanson Ionnidis,aionnidis4j@nationalgeographic.com,1596215547,Internship/Practicum,By Email,4pm - 6pm,true
Prof,Thekla Sapena,tsapena4k@sohu.com,9278396190,Research,By Phone,10am - 12pm,true
Engr,Crysta Du Plantier,cdu4l@networksolutions.com,3637307259,Independent Study,By Email,5pm - 7pm,true
Prof,Dosi Berns,dberns4m@redcross.org,6681619368,Internship/Practicum,By Phone,2pm - 4pm,true
Engr,Wilek Aldins,waldins4n@histats.com,5455616183,Lecture Lab,By Phone,7pm- 9pm,true
Engr,Elysha Pynner,epynner4o@yelp.com,5719811509,Lecture,By Phone,2pm - 4pm,true
Mr,Samuele Venditti,svenditti4p@newsvine.com,9536823868,Research,By Email,8pm - 10pm,true
Engr,Sindee Clewarth,sclewarth4q@seesaa.net,6256115388,Lecture,By Email,8pm - 10pm,true
Mr,Charmion Solleme,csolleme4r@uol.com.br,3971154697,Lecture Lab,By Phone,2pm - 4pm,true
Dr,Jens Strangward,jstrangward4s@webnode.com,4907384382,Independent Study,By Phone,6pm - 8pm,true
Mr,Danica Gavaghan,dgavaghan4t@thetimes.co.uk,3114556249,Research,By Email,10am - 12pm,true
Dr,Justin Rubi,jrubi4u@tamu.edu,1169667631,Lecture Lab,By Email,9am - 11am,true
Ms,Margarete Matuskiewicz,mmatuskiewicz4v@accuweather.com,2379566814,Internship/Practicum,By Email,10am - 12pm,true
Ms,Lilyan Geffe,lgeffe4w@wordpress.org,1426053705,Research,By Email,1pm - 3pm,true
Mrs,Clyve Shitliff,cshitliff4x@alexa.com,1227564454,Laboratory,By Email,3pm - 5pm,true
Ms,Della Ghost,dghost4y@epa.gov,6639711526,Lecture Lab,By Phone,8pm - 10pm,true
Engr,Uri Riddeough,uriddeough4z@tinyurl.com,4309149383,Studio,By Email,9am - 11am,true
Engr,Hendrick Whitter,hwhitter50@nsw.gov.au,3754171977,Lecture Lab,By Phone,7pm- 9pm,true
Engr,Kassey Hammarberg,khammarberg51@de.vu,9466080405,Internship/Practicum,By Phone,9am - 11am,true
Dr,Perrine Elph,pelph52@gmpg.org,2945612227,Studio,By Phone,8am - 10 am,true
Mr,Jayme Baumaier,jbaumaier53@nbcnews.com,6712973091,Independent Study,By Email,8pm - 10pm,true
Prof,Flori Baudy,fbaudy54@123-reg.co.uk,1545387519,Research,By Email,6pm - 8pm,true
Engr,Elenore Claypoole,eclaypoole55@amazonaws.com,4193225437,Independent Study,By Phone,2pm - 4pm,true
Prof,Wright Thumnel,wthumnel56@jugem.jp,3403168313,Studio,By Email,2pm - 4pm,true
Dr,Garold Plumbe,gplumbe57@bizjournals.com,9215602112,Independent Study,By Phone,8pm - 10pm,true
Dr,Berke Nunnerley,bnunnerley58@upenn.edu,6816696202,Lecture,By Email,4pm - 6pm,true
Mr,Maximo Sives,msives59@macromedia.com,4292631985,Research,By Phone,7pm- 9pm,true
Ms,Ware Polak,wpolak5a@bigcartel.com,2607504456,Independent Study,By Email,5pm - 7pm,true
Mrs,Gilly Devin,gdevin5b@yolasite.com,6527087653,Lecture Lab,By Email,5pm - 7pm,true
Mr,Erick Walch,ewalch5c@cbc.ca,6297055834,Lecture Lab,By Email,2pm - 4pm,true
Engr,Bette O'Shiel,boshiel5d@wix.com,9204671887,Independent Study,By Email,5pm - 7pm,true
Prof,Emilio Frayn,efrayn5e@hp.com,7516885861,Independent Study,By Phone,6pm - 8pm,true
Mr,Midge Pothergill,mpothergill5f@w3.org,5758390683,Internship/Practicum,By Phone,8am - 10 am,true
Mrs,Normand Rysom,nrysom5g@twitter.com,4348127728,Laboratory,By Email,8pm - 10pm,true
Mr,Hayes Tallach,htallach5h@noaa.gov,9123146126,Studio,By Email,3pm - 5pm,true
Dr,Renault Saxelby,rsaxelby5i@nasa.gov,9161511888,Laboratory,By Phone,7pm- 9pm,true
Dr,Madel Keefe,mkeefe5j@wisc.edu,9716648199,Lecture,By Email,2pm - 4pm,true
Mr,Dickie Fletham,dfletham5k@foxnews.com,3571246753,Studio,By Phone,3pm - 5pm,true
Prof,Leah Van Haeften,lvan5l@spiegel.de,8989484972,Studio,By Phone,8am - 10 am,true
Ms,Ree Taffley,rtaffley5m@imageshack.us,1796419519,Laboratory,By Phone,1pm - 3pm,true
Mr,Steffi Gulvin,sgulvin5n@parallels.com,4751153704,Studio,By Email,9am - 11am,true
Mr,Yoko Shannahan,yshannahan5o@weather.com,1432009252,Independent Study,By Phone,10am - 12pm,true
Prof,Cleon Gwillim,cgwillim5p@marriott.com,3909070686,Internship/Practicum,By Email,6pm - 8pm,true
Mr,Aurelea Leist,aleist5q@gov.uk,4123217882,Lecture Lab,By Phone,10am - 12pm,true
Engr,Darlleen Townes,dtownes5r@phpbb.com,8932227304,Research,By Phone,9am - 11am,true
Ms,Maighdiln Preedy,mpreedy5s@state.tx.us,7918435529,Independent Study,By Email,9am - 11am,true
Mr,Bruno Lothlorien,blothlorien5t@myspace.com,2413184887,Studio,By Email,6pm - 8pm,true
Dr,Bernie Pucknell,bpucknell5u@wordpress.org,2164499018,Research,By Phone,3pm - 5pm,true
Mr,Sylvia Fricker,sfricker5v@sciencedirect.com,4204406713,Lecture Lab,By Phone,4pm - 6pm,true
Prof,Roosevelt Ewins,rewins5w@acquirethisname.com,8773091800,Studio,By Email,7pm- 9pm,true
Engr,Marilyn Sheridan,msheridan5x@ftc.gov,7533625611,Studio,By Phone,2pm - 4pm,true
Engr,Ailey Abba,aabba5y@lulu.com,1145972348,Studio,By Phone,8am - 10 am,true
Ms,Laurie Shalcros,lshalcros5z@lulu.com,2894170023,Laboratory,By Email,8pm - 10pm,true
Engr,Daniella Cerie,dcerie60@netvibes.com,2818015054,Independent Study,By Phone,3pm - 5pm,true
Engr,Harrietta Dearle,hdearle61@behance.net,3406028362,Independent Study,By Email,1pm - 3pm,true
Prof,Gabrila Browse,gbrowse62@devhub.com,1804911248,Lecture Lab,By Phone,6pm - 8pm,true
Ms,Omero Borgnol,oborgnol63@nasa.gov,3276235696,Research,By Email,5pm - 7pm,true
Mr,Fee Bilbrook,fbilbrook64@bbb.org,1285090474,Research,By Email,8pm - 10pm,true
Mr,Onfre Frisdick,ofrisdick65@mashable.com,4097753336,Studio,By Email,7pm- 9pm,true
Dr,Onida Hanley,ohanley66@slideshare.net,1422602911,Studio,By Phone,3pm - 5pm,true
Mr,Corella Lamperd,clamperd67@mail.ru,6267286713,Laboratory,By Phone,10am - 12pm,true
Dr,Purcell Bonwick,pbonwick68@newsvine.com,2807920364,Lecture,By Email,2pm - 4pm,true
Prof,Pepito Burstowe,pburstowe69@reuters.com,9187779015,Independent Study,By Email,4pm - 6pm,true
Prof,Stanfield Carncross,scarncross6a@bravesites.com,4328385142,Lecture Lab,By Email,6pm - 8pm,true
Mrs,Harlie Rivilis,hrivilis6b@taobao.com,7338973071,Laboratory,By Email,8pm - 10pm,true
Engr,Taite Robbert,trobbert6c@cam.ac.uk,1382573382,Lecture,By Email,10am - 12pm,true
Dr,Leroi Murdie,lmurdie6d@mayoclinic.com,4222384143,Laboratory,By Phone,1pm - 3pm,true
Prof,Dougy Olner,dolner6e@apple.com,6369469428,Independent Study,By Phone,1pm - 3pm,true
Dr,Gregor Semark,gsemark6f@google.ru,5733950940,Research,By Email,7pm- 9pm,true
Mrs,Markos Simonnin,msimonnin6g@uiuc.edu,9318002939,Lecture,By Phone,4pm - 6pm,true
Mrs,Binnie O'Deoran,bodeoran6h@nasa.gov,2104375208,Research,By Email,4pm - 6pm,true
Ms,Bobbie Pawlowicz,bpawlowicz6i@histats.com,8631376427,Laboratory,By Email,8am - 10 am,true
Mrs,Rouvin Egarr,regarr6j@google.co.jp,8121497257,Research,By Phone,7pm- 9pm,true
Prof,Ransom Howison,rhowison6k@techcrunch.com,5954076454,Internship/Practicum,By Phone,2pm - 4pm,true
Dr,Drusi Wawer,dwawer6l@addtoany.com,5614209040,Internship/Practicum,By Email,6pm - 8pm,true
Mrs,Trumaine Londsdale,tlondsdale6m@delicious.com,3642956229,Internship/Practicum,By Phone,2pm - 4pm,true
Mr,Oralee Sealeaf,osealeaf6n@printfriendly.com,7797303281,Research,By Phone,6pm - 8pm,true
Dr,Cristine Billingsley,cbillingsley6o@ed.gov,2566149378,Laboratory,By Email,4pm - 6pm,true
Engr,Haven Nehl,hnehl6p@creativecommons.org,2501637456,Independent Study,By Phone,3pm - 5pm,true
Prof,Alon Moncrefe,amoncrefe6q@multiply.com,8819961443,Research,By Phone,5pm - 7pm,true
Ms,Gwen Buckenham,gbuckenham6r@imgur.com,1036361291,Internship/Practicum,By Phone,3pm - 5pm,true
Mrs,Devora Kempshall,dkempshall6s@xing.com,8041138823,Lecture Lab,By Email,9am - 11am,true
Ms,Rheta Gurr,rgurr6t@zimbio.com,4736433773,Lecture Lab,By Email,8am - 10 am,true
Dr,Leupold Bransdon,lbransdon6u@deliciousdays.com,3773713756,Lecture Lab,By Email,7pm- 9pm,true
Engr,Morganne Mell,mmell6v@psu.edu,5722319708,Lecture Lab,By Phone,6pm - 8pm,true
Prof,Nealson Fewell,nfewell6w@independent.co.uk,9989353158,Lecture Lab,By Phone,2pm - 4pm,true
Ms,Algernon Queyeiro,aqueyeiro6x@sbwire.com,8306014057,Lecture Lab,By Email,2pm - 4pm,true
Prof,Lanita D'Emanuele,ldemanuele6y@gmpg.org,4619637124,Studio,By Email,2pm - 4pm,true
Engr,Nelli Barbara,nbarbara6z@cdbaby.com,2482798819,Independent Study,By Email,7pm- 9pm,true
Prof,Eva Barden,ebarden70@netlog.com,9602136603,Research,By Email,7pm- 9pm,true
Mr,Duke Grasha,dgrasha71@go.com,8678238649,Research,By Email,7pm- 9pm,true
Mr,Shirley Hugonin,shugonin72@myspace.com,8335580626,Lecture,By Phone,5pm - 7pm,true
Ms,Sari Laidel,slaidel73@cbslocal.com,8658006719,Laboratory,By Email,2pm - 4pm,true
Engr,Nonie Lisimore,nlisimore74@godaddy.com,5278303779,Independent Study,By Email,6pm - 8pm,true
Prof,Ola Tyrone,otyrone75@studiopress.com,9632995242,Research,By Phone,3pm - 5pm,true
Engr,Germaine Shallcrass,gshallcrass76@gizmodo.com,6996737885,Lecture Lab,By Email,10am - 12pm,true
Ms,Tate Reckless,treckless77@dailymail.co.uk,4739995011,Studio,By Phone,3pm - 5pm,true
Dr,Sigrid Casaccia,scasaccia78@wired.com,2776243980,Research,By Phone,2pm - 4pm,true
Mrs,Ebenezer Haslam,ehaslam79@list-manage.com,5251748099,Lecture Lab,By Email,2pm - 4pm,true
Ms,Corinna Springford,cspringford7a@blog.com,6859848457,Lecture,By Email,10am - 12pm,true
Ms,Chlo Rosell,crosell7b@friendfeed.com,1216493223,Independent Study,By Email,7pm- 9pm,true
Dr,Coleen Grinyov,cgrinyov7c@clickbank.net,2118714421,Lecture Lab,By Email,4pm - 6pm,true
Ms,Michael Ritchman,mritchman7d@com.com,2773903861,Independent Study,By Email,8pm - 10pm,true
Mr,Lorraine Butterfint,lbutterfint7e@mtv.com,6889215945,Internship/Practicum,By Email,8pm - 10pm,true
Mr,Willi Clutheram,wclutheram7f@constantcontact.com,1302760272,Laboratory,By Phone,1pm - 3pm,true
Mr,Lusa Tatem,ltatem7g@nih.gov,1854086230,Independent Study,By Phone,8pm - 10pm,true
Mrs,Jacquie Valente,jvalente7h@hostgator.com,2485032806,Research,By Phone,8am - 10 am,true
Prof,Marty Ausello,mausello7i@hexun.com,3936055894,Independent Study,By Email,3pm - 5pm,true
Engr,Willetta Weber,wweber7j@google.co.jp,5194072960,Independent Study,By Phone,2pm - 4pm,true
Prof,Kippy Rait,krait7k@hud.gov,6856063435,Independent Study,By Phone,1pm - 3pm,true
Mrs,Langsdon Truter,ltruter7l@goodreads.com,6098043541,Research,By Email,7pm- 9pm,true
Dr,Rosemarie Maberley,rmaberley7m@gravatar.com,4116523526,Studio,By Email,3pm - 5pm,true
Ms,Kelci Krebs,kkrebs7n@nsw.gov.au,3628685692,Lecture Lab,By Phone,9am - 11am,true
Engr,Estell D'Ambrogi,edambrogi7o@amazon.com,1795057559,Laboratory,By Phone,7pm- 9pm,true
Mrs,Anatola Lob,alob7p@ameblo.jp,5754696290,Independent Study,By Phone,3pm - 5pm,true
Prof,Carree Hubber,chubber7q@netvibes.com,5451381836,Studio,By Email,8am - 10 am,true
Prof,Rockwell Tofful,rtofful7r@narod.ru,7082777180,Internship/Practicum,By Phone,7pm- 9pm,true
Mr,Sonny Fountian,sfountian7s@discuz.net,8891442960,Independent Study,By Phone,2pm - 4pm,true
Ms,Idalia Yuill,iyuill7t@mac.com,2942067992,Independent Study,By Phone,2pm - 4pm,true
Mr,Patsy Rimington,primington7u@eventbrite.com,7939595865,Internship/Practicum,By Email,4pm - 6pm,true
Mr,Neall Menauteau,nmenauteau7v@utexas.edu,2005580111,Laboratory,By Email,4pm - 6pm,true
Mrs,Koenraad Dymock,kdymock7w@cdbaby.com,5457974233,Independent Study,By Email,4pm - 6pm,true
Dr,Mildrid Kneafsey,mkneafsey7x@ask.com,9855013792,Studio,By Email,9am - 11am,true
Mr,Sarene Campelli,scampelli7y@i2i.jp,3688046297,Independent Study,By Email,9am - 11am,true
Dr,Cassaundra Baudins,cbaudins7z@myspace.com,6967562775,Lecture,By Phone,2pm - 4pm,true
Dr,Anett Jentgens,ajentgens80@va.gov,8087338013,Laboratory,By Email,7pm- 9pm,true
Prof,Birgit Beeden,bbeeden81@com.com,4914788529,Laboratory,By Phone,8am - 10 am,true
Mr,Florian Stoddart,fstoddart82@hc360.com,9224979993,Research,By Email,2pm - 4pm,true
Mr,Stefan Soames,ssoames83@bbc.co.uk,1336126876,Laboratory,By Phone,1pm - 3pm,true
Engr,Cecelia Mattei,cmattei84@a8.net,9946852733,Independent Study,By Email,3pm - 5pm,true
Prof,Brittany Lovekin,blovekin85@imageshack.us,6041323134,Studio,By Email,7pm- 9pm,true
Mr,Wallas Bronger,wbronger86@nps.gov,1775360278,Studio,By Email,4pm - 6pm,true
Ms,Kelby Beenham,kbeenham87@businessinsider.com,8352419086,Internship/Practicum,By Phone,2pm - 4pm,true
Mr,Thorin McIlory,tmcilory88@nymag.com,3245455797,Research,By Email,2pm - 4pm,true
Mrs,Marika Cawsey,mcawsey89@canalblog.com,8909690646,Research,By Email,8pm - 10pm,true
Engr,Jennie Attock,jattock8a@blog.com,1493222772,Independent Study,By Email,7pm- 9pm,true
Ms,Eddie Filkov,efilkov8b@nih.gov,7533425907,Independent Study,By Phone,3pm - 5pm,true
Mr,Maureen Cosh,mcosh8c@creativecommons.org,7277097500,Lecture Lab,By Email,1pm - 3pm,true
Prof,Pietro Wasmer,pwasmer8d@cdbaby.com,1238011641,Independent Study,By Email,4pm - 6pm,true
Mr,Orland Thackeray,othackeray8e@va.gov,3789275702,Independent Study,By Email,2pm - 4pm,true
Engr,Bekki Elgood,belgood8f@tamu.edu,7743891121,Lecture Lab,By Phone,8am - 10 am,true
Ms,Marsh Burgwyn,mburgwyn8g@nyu.edu,4588255050,Research,By Email,7pm- 9pm,true
Engr,Cassandre Rusbridge,crusbridge8h@twitter.com,3222185340,Lecture Lab,By Email,7pm- 9pm,true
Prof,Davida Daile,ddaile8i@sina.com.cn,1327812265,Studio,By Email,6pm - 8pm,true
Mrs,Ivor Chaulk,ichaulk8j@google.com.au,1912304018,Lecture,By Phone,10am - 12pm,true
Prof,Allis McCrie,amccrie8k@webeden.co.uk,5352295433,Lecture Lab,By Email,2pm - 4pm,true
Prof,Samson Lant,slant8l@comcast.net,9367478891,Lecture,By Phone,9am - 11am,true
Dr,Britt Bowyer,bbowyer8m@facebook.com,8822720195,Research,By Phone,5pm - 7pm,true
Engr,Sharyl Varndall,svarndall8n@patch.com,7339199213,Internship/Practicum,By Email,8am - 10 am,true
Mr,Sidney Strivens,sstrivens8o@ftc.gov,9867650047,Lecture Lab,By Phone,9am - 11am,true
Mr,Madge Janota,mjanota8p@ox.ac.uk,8787633772,Independent Study,By Phone,6pm - 8pm,true
Mrs,Shaine Breyt,sbreyt8q@guardian.co.uk,4814708859,Studio,By Email,4pm - 6pm,true
Mrs,Jason Badger,jbadger8r@trellian.com,5804879606,Independent Study,By Email,2pm - 4pm,true
Engr,Norry Hugett,nhugett8s@about.me,4364723089,Lecture Lab,By Email,2pm - 4pm,true
Dr,Denys Sutliff,dsutliff8t@sfgate.com,2458238788,Internship/Practicum,By Email,7pm- 9pm,true
Ms,Clementius Twyford,ctwyford8u@bluehost.com,5794651397,Laboratory,By Phone,3pm - 5pm,true
Ms,Athene Lashbrook,alashbrook8v@dot.gov,6087777558,Internship/Practicum,By Phone,8pm - 10pm,true
Engr,Pen Dulake,pdulake8w@ox.ac.uk,8764415448,Laboratory,By Phone,5pm - 7pm,true
Dr,Conny Singyard,csingyard8x@google.ru,1618168907,Studio,By Email,7pm- 9pm,true
Mr,Bastien Gillham,bgillham8y@bloglovin.com,5918108915,Lecture Lab,By Phone,3pm - 5pm,true
Mr,Vance Newarte,vnewarte8z@symantec.com,2054637417,Independent Study,By Phone,8am - 10 am,true
Dr,Noll Wildes,nwildes90@house.gov,8741093066,Studio,By Email,4pm - 6pm,true
Ms,Nadine Walcher,nwalcher91@mysql.com,5417544221,Studio,By Phone,7pm- 9pm,true
Mrs,Elvyn Halworth,ehalworth92@lulu.com,9657677927,Research,By Email,6pm - 8pm,true
Mrs,Carmina Craghead,ccraghead93@stanford.edu,1518185212,Lecture,By Email,1pm - 3pm,true
Ms,Elisabet Klimkov,eklimkov94@list-manage.com,5286299934,Research,By Email,4pm - 6pm,true
Mr,Talia Mityakov,tmityakov95@cdc.gov,3971056422,Studio,By Email,1pm - 3pm,true
Dr,Free McPhail,fmcphail96@fotki.com,5562464399,Laboratory,By Phone,6pm - 8pm,true
Mrs,Lissy Alyoshin,lalyoshin97@deviantart.com,8342081970,Lecture Lab,By Email,10am - 12pm,true
Ms,Ursa Paddemore,upaddemore98@umich.edu,1705980203,Lecture,By Phone,9am - 11am,true
Ms,Coleman Stute,cstute99@dion.ne.jp,3367747877,Internship/Practicum,By Email,4pm - 6pm,true
Ms,Gerrard Christescu,gchristescu9a@cisco.com,9598102965,Lecture,By Phone,4pm - 6pm,true
Dr,Carmelita Forseith,cforseith9b@live.com,8508731986,Studio,By Phone,10am - 12pm,true
Mr,Keith Shalcras,kshalcras9c@deliciousdays.com,8176412689,Lecture Lab,By Phone,2pm - 4pm,true
Engr,Tova Lackmann,tlackmann9d@goo.ne.jp,5191845056,Lecture,By Phone,7pm- 9pm,true
Mrs,Susanne Neeves,sneeves9e@cornell.edu,7821843191,Laboratory,By Phone,9am - 11am,true
Mr,Sigismundo Mouth,smouth9f@istockphoto.com,6672457395,Studio,By Email,10am - 12pm,true
Dr,Kristi Cassin,kcassin9g@delicious.com,7209823995,Studio,By Email,5pm - 7pm,true
Mr,Gus Sainthill,gsainthill9h@walmart.com,1924711634,Independent Study,By Email,10am - 12pm,true
Mr,Benn Jonson,bjonson9i@home.pl,6564794990,Internship/Practicum,By Phone,4pm - 6pm,true
Mrs,Lyon MacKeever,lmackeever9j@smh.com.au,7605318958,Independent Study,By Phone,3pm - 5pm,true
Ms,Christen Ferrario,cferrario9k@pagesperso-orange.fr,1467391396,Lecture Lab,By Email,10am - 12pm,true
Mr,Saunderson Attryde,sattryde9l@businesswire.com,6493105140,Independent Study,By Phone,3pm - 5pm,true
Ms,Hadleigh Peddar,hpeddar9m@stumbleupon.com,2095928510,Laboratory,By Phone,9am - 11am,true
Prof,Carroll Tincey,ctincey9n@mit.edu,7675345795,Lecture,By Email,10am - 12pm,true
Prof,April Dict,adict9o@shop-pro.jp,7082544379,Internship/Practicum,By Phone,2pm - 4pm,true
Ms,Perri Deshon,pdeshon9p@creativecommons.org,5471084682,Research,By Phone,8am - 10 am,true
Mrs,Kennan Pheby,kpheby9q@1und1.de,9067749610,Studio,By Email,8am - 10 am,true
Ms,Carmela Drei,cdrei9r@illinois.edu,2534676401,Internship/Practicum,By Email,8am - 10 am,true
Engr,Shantee Elrick,selrick9s@macromedia.com,4589352064,Independent Study,By Email,10am - 12pm,true
Ms,Pam Bavester,pbavester9t@about.me,5161496774,Independent Study,By Email,2pm - 4pm,true
Dr,Raychel Bourdel,rbourdel9u@sciencedaily.com,4026028705,Studio,By Phone,1pm - 3pm,true
Mr,Claudia Longson,clongson9v@multiply.com,7149278004,Internship/Practicum,By Phone,5pm - 7pm,true
Mr,Florry O'Teague,foteague9w@cbslocal.com,5513917676,Lecture,By Phone,1pm - 3pm,true
Engr,Matty Dadson,mdadson9x@adobe.com,2077996671,Research,By Phone,1pm - 3pm,true
Prof,Correy Tolcher,ctolcher9y@craigslist.org,1802503306,Independent Study,By Phone,5pm - 7pm,true
Ms,Lidia Menendez,lmenendez9z@hao123.com,9645986909,Internship/Practicum,By Phone,8pm - 10pm,true
Prof,Rochette Gavrielli,rgavriellia0@cargocollective.com,4331859423,Lecture,By Email,10am - 12pm,true
Prof,Jeffie Keener,jkeenera1@weebly.com,2166930757,Studio,By Phone,8pm - 10pm,true
Dr,Rafael Buckby,rbuckbya2@mtv.com,5266877957,Internship/Practicum,By Phone,8pm - 10pm,true
Engr,Redford Menichi,rmenichia3@gmpg.org,2779926631,Lecture Lab,By Phone,7pm- 9pm,true
Engr,Kelvin Gaven,kgavena4@dedecms.com,3469597485,Lecture,By Email,1pm - 3pm,true
Ms,Kath Gartrell,kgartrella5@people.com.cn,8172428833,Internship/Practicum,By Email,8am - 10 am,true
Engr,Alexandros Soldner,asoldnera6@ftc.gov,8009782394,Laboratory,By Email,5pm - 7pm,true
Engr,Willey Tebboth,wtebbotha7@zimbio.com,9861657463,Lecture Lab,By Email,2pm - 4pm,true
Mr,Daveta Kingaby,dkingabya8@tuttocitta.it,2806108225,Lecture,By Email,4pm - 6pm,true
Prof,Carie Goldfinch,cgoldfincha9@sitemeter.com,4391816232,Research,By Email,5pm - 7pm,true
Mrs,Hyacinthie Littrik,hlittrikaa@tamu.edu,3764231593,Studio,By Email,2pm - 4pm,true
Dr,Bevon Luberti,blubertiab@flavors.me,4592454927,Research,By Email,1pm - 3pm,true
Mrs,Nyssa Hateley,nhateleyac@goo.gl,9351151876,Independent Study,By Email,7pm- 9pm,true
Dr,Felicdad Vallack,fvallackad@springer.com,1113545509,Lecture Lab,By Phone,10am - 12pm,true
Dr,Cornie Willbourne,cwillbourneae@wikimedia.org,2252122125,Lecture Lab,By Phone,4pm - 6pm,true
Prof,Essa Ife,eifeaf@timesonline.co.uk,6694640464,Laboratory,By Phone,4pm - 6pm,true
Dr,Julie Franz,jfranzag@pinterest.com,8773959550,Lecture,By Email,10am - 12pm,true
Mrs,Pepi Arber,parberah@linkedin.com,7508027413,Laboratory,By Phone,9am - 11am,true
Ms,Olvan Wreight,owreightai@cnbc.com,9822912406,Independent Study,By Email,3pm - 5pm,true
Engr,Chaddy Rutley,crutleyaj@t-online.de,7674537503,Laboratory,By Email,6pm - 8pm,true
Mr,Wenona Fever,wfeverak@naver.com,5088292558,Lecture,By Phone,1pm - 3pm,true
Ms,Frederico Drage,fdrageal@zdnet.com,3309061432,Studio,By Phone,8am - 10 am,true
Prof,Dari Tomczak,dtomczakam@irs.gov,7091722576,Laboratory,By Phone,2pm - 4pm,true
Engr,Daile MacGillavery,dmacgillaveryan@wunderground.com,4234608156,Laboratory,By Email,1pm - 3pm,true
Mrs,Marcus Austwick,maustwickao@themeforest.net,5189345369,Research,By Phone,8am - 10 am,true
Ms,Mozes Erington,meringtonap@tripod.com,9475490018,Lecture,By Email,9am - 11am,true
Mrs,Edy By,ebyaq@shutterfly.com,4648745346,Lecture,By Phone,1pm - 3pm,true
Engr,Nessie Galbraeth,ngalbraethar@wp.com,9122403102,Laboratory,By Phone,6pm - 8pm,true
Mr,Inga Challiner,ichallineras@nyu.edu,5172833810,Independent Study,By Phone,8pm - 10pm,true
Mr,Brody Dymoke,bdymokeat@microsoft.com,8199204981,Lecture Lab,By Email,10am - 12pm,true
Prof,Thedrick Baudry,tbaudryau@mapquest.com,1742000832,Lecture Lab,By Email,6pm - 8pm,true
Mrs,Perice Mattschas,pmattschasav@ifeng.com,3305252047,Lecture Lab,By Phone,3pm - 5pm,true
Ms,Bendicty Nickoles,bnickolesaw@nature.com,5969006932,Lecture,By Phone,7pm- 9pm,true
Mrs,Colene Emblow,cemblowax@comsenz.com,7217768169,Independent Study,By Phone,4pm - 6pm,true
Mr,Phillipp Richarz,pricharzay@usgs.gov,7326007014,Research,By Email,10am - 12pm,true
Mrs,Manya Audley,maudleyaz@who.int,7328198068,Laboratory,By Phone,7pm- 9pm,true
Prof,Gwenore Daveridge,gdaveridgeb0@weebly.com,3518588485,Lecture Lab,By Email,8am - 10 am,true
Mrs,Junette Ruffle,jruffleb1@mysql.com,2449906391,Laboratory,By Email,8am - 10 am,true
Prof,Paolina Biswell,pbiswellb2@yellowpages.com,5109790924,Laboratory,By Email,8am - 10 am,true
Ms,Lou Keynes,lkeynesb3@imgur.com,2761955349,Laboratory,By Phone,8pm - 10pm,true
Ms,Emmie Kellet,ekelletb4@europa.eu,9174470411,Internship/Practicum,By Email,1pm - 3pm,true
Mrs,Lucio Bodleigh,lbodleighb5@shop-pro.jp,2268282522,Studio,By Email,9am - 11am,true
Dr,Obadiah Kidwell,okidwellb6@comsenz.com,5704588424,Research,By Email,4pm - 6pm,true
Prof,Lombard Baildon,lbaildonb7@google.cn,1181363794,Lecture,By Email,4pm - 6pm,true
Ms,Livvie Mounter,lmounterb8@shareasale.com,7078178814,Laboratory,By Email,4pm - 6pm,true
Ms,Stephi Baldwin,sbaldwinb9@prnewswire.com,3367409275,Lecture Lab,By Phone,9am - 11am,true
Engr,Barbe Mycroft,bmycroftba@vinaora.com,1904254330,Lecture Lab,By Email,10am - 12pm,true
Ms,Grady Ives,givesbb@bizjournals.com,9485494144,Lecture Lab,By Email,8am - 10 am,true
Mr,Graeme Tebbut,gtebbutbc@paypal.com,5169828209,Research,By Phone,6pm - 8pm,true
Engr,Troy Bolduc,tbolducbd@independent.co.uk,2729487574,Lecture Lab,By Phone,1pm - 3pm,true
Ms,Abbye Baythrop,abaythropbe@ebay.com,6179811351,Lecture Lab,By Email,3pm - 5pm,true
Mr,Melitta Mellenby,mmellenbybf@instagram.com,2502980464,Lecture Lab,By Phone,5pm - 7pm,true
Ms,Maynard Sturror,msturrorbg@youtube.com,1772784001,Lecture Lab,By Phone,4pm - 6pm,true
Mr,Meta De Bell,mdebh@go.com,5138343944,Lecture Lab,By Phone,2pm - 4pm,true
Engr,Mel Calverd,mcalverdbi@slashdot.org,3952946805,Internship/Practicum,By Phone,9am - 11am,true
Ms,Rand Vanstone,rvanstonebj@techcrunch.com,2186642510,Lecture Lab,By Email,8pm - 10pm,true
Engr,Deanna Fritzer,dfritzerbk@reverbnation.com,3235858187,Internship/Practicum,By Phone,6pm - 8pm,true
Mr,Durand Locket,dlocketbl@dell.com,7023359258,Lecture Lab,By Email,5pm - 7pm,true
Dr,Hart Greves,hgrevesbm@lycos.com,1546029982,Studio,By Email,7pm- 9pm,true
Mrs,Josie Iacavone,jiacavonebn@cbslocal.com,6728220757,Lecture,By Email,8pm - 10pm,true
Engr,Mac Itzkovwitch,mitzkovwitchbo@plala.or.jp,1975317899,Studio,By Email,4pm - 6pm,true
Ms,Berrie McGray,bmcgraybp@csmonitor.com,8671993984,Independent Study,By Email,9am - 11am,true
Dr,Ermin Brunroth,ebrunrothbq@edublogs.org,6099871606,Lecture,By Phone,8pm - 10pm,true
Dr,Cookie Toghill,ctoghillbr@t.co,9119278850,Lecture Lab,By Phone,10am - 12pm,true
Engr,Marcelo Parsons,mparsonsbs@storify.com,1462768237,Research,By Email,9am - 11am,true
Dr,Lesly D'Ambrosio,ldambrosiobt@etsy.com,6077057005,Lecture Lab,By Email,9am - 11am,true
Engr,Marcellus Jedrachowicz,mjedrachowiczbu@nyu.edu,2277754331,Research,By Email,5pm - 7pm,true
Mrs,Giselbert Shillingford,gshillingfordbv@intel.com,2309628159,Independent Study,By Email,6pm - 8pm,true
Dr,Homer Follett,hfollettbw@usnews.com,8011814478,Research,By Phone,5pm - 7pm,true
Dr,Sammy Hebblewaite,shebblewaitebx@wikia.com,9133471802,Laboratory,By Phone,8am - 10 am,true
Mrs,Waly Bernhardsson,wbernhardssonby@census.gov,1244671201,Laboratory,By Email,8pm - 10pm,true
Engr,Lorry Barter,lbarterbz@springer.com,4154412899,Independent Study,By Email,1pm - 3pm,true
Prof,Adiana Treneman,atrenemanc0@google.co.uk,1872476361,Internship/Practicum,By Phone,2pm - 4pm,true
Mr,Benito Pellew,bpellewc1@businesswire.com,8357728404,Lecture Lab,By Phone,2pm - 4pm,true
Engr,Gustavo Duddridge,gduddridgec2@bbc.co.uk,2727953861,Research,By Email,2pm - 4pm,true
Ms,Demetri Burchnall,dburchnallc3@friendfeed.com,6302318980,Studio,By Email,3pm - 5pm,true
Mr,Dennie Maddra,dmaddrac4@sourceforge.net,6498201236,Laboratory,By Email,6pm - 8pm,true
Prof,Judie Gon,jgonc5@nhs.uk,7759333682,Independent Study,By Email,6pm - 8pm,true
Dr,Lynnelle Williamson,lwilliamsonc6@yolasite.com,1558525751,Internship/Practicum,By Email,5pm - 7pm,true
Ms,Deanna Kinnach,dkinnachc7@bing.com,3525602648,Internship/Practicum,By Email,8am - 10 am,true
Engr,Charil Rudgley,crudgleyc8@shareasale.com,3983713376,Independent Study,By Phone,9am - 11am,true
Mrs,Phillip Berre,pberrec9@etsy.com,3877687923,Research,By Phone,6pm - 8pm,true
Dr,Douglass Plewright,dplewrightca@time.com,8992461428,Independent Study,By Phone,1pm - 3pm,true
Ms,Carly Ciotti,cciotticb@psu.edu,9359700763,Independent Study,By Phone,1pm - 3pm,true
Dr,Suellen Litchmore,slitchmorecc@abc.net.au,4806914966,Laboratory,By Email,7pm- 9pm,true
Dr,Kristine Haugg,khauggcd@nsw.gov.au,4339889697,Studio,By Email,3pm - 5pm,true
Prof,Sollie La Croce,slace@hostgator.com,4706169670,Laboratory,By Email,7pm- 9pm,true
Dr,Ingaborg Pegrum,ipegrumcf@archive.org,1261015801,Studio,By Email,4pm - 6pm,true
Dr,Carina Braunter,cbrauntercg@nymag.com,4288224827,Lecture,By Email,5pm - 7pm,true
Engr,Vivianne Grewcock,vgrewcockch@usda.gov,5734548190,Lecture,By Phone,2pm - 4pm,true
Mrs,Winny Dillintone,wdillintoneci@cam.ac.uk,4825786672,Internship/Practicum,By Email,9am - 11am,true
Dr,Gabi Woolens,gwoolenscj@bizjournals.com,8637334433,Lecture,By Email,10am - 12pm,true
Prof,Shari Gherarducci,sgherarduccick@telegraph.co.uk,4356962641,Studio,By Email,9am - 11am,true
Dr,Cyndie McKeachie,cmckeachiecl@answers.com,3789445289,Internship/Practicum,By Email,6pm - 8pm,true
Engr,Dulcy Cossons,dcossonscm@home.pl,4919687454,Internship/Practicum,By Phone,10am - 12pm,true
Mrs,Magdalena Cristofano,mcristofanocn@nytimes.com,6819488577,Internship/Practicum,By Phone,6pm - 8pm,true
Mr,Gunther Puig,gpuigco@wikimedia.org,5909450562,Internship/Practicum,By Phone,5pm - 7pm,true
Mrs,Halsey Stiegars,hstiegarscp@wikimedia.org,1589069541,Research,By Email,7pm- 9pm,true
Engr,Corty Tattersfield,ctattersfieldcq@github.io,4519890742,Laboratory,By Phone,2pm - 4pm,true
Ms,Sawyer Batchan,sbatchancr@studiopress.com,2778667422,Studio,By Email,6pm - 8pm,true
Engr,Justina Almak,jalmakcs@si.edu,6913027417,Independent Study,By Email,6pm - 8pm,true
Dr,Atlante Dovidian,adovidianct@flickr.com,1248761762,Laboratory,By Email,1pm - 3pm,true
Mrs,Herold Navaro,hnavarocu@fc2.com,3634686186,Research,By Email,8am - 10 am,true
Engr,Townie Cudmore,tcudmorecv@booking.com,9014821590,Research,By Email,2pm - 4pm,true
Mrs,Josephina Shotton,jshottoncw@lycos.com,5208141332,Studio,By Phone,8am - 10 am,true
Ms,Eziechiele Filippyev,efilippyevcx@unesco.org,9389628511,Research,By Email,2pm - 4pm,true
Dr,Antonina Korda,akordacy@miitbeian.gov.cn,7446821212,Independent Study,By Email,10am - 12pm,true
Dr,Joyann Klossmann,jklossmanncz@fotki.com,9608200307,Research,By Email,10am - 12pm,true
Mrs,Gonzales Sains,gsainsd0@symantec.com,5847967667,Laboratory,By Phone,1pm - 3pm,true
Mrs,Yancey Stuckley,ystuckleyd1@amazonaws.com,7235400924,Research,By Email,2pm - 4pm,true
Mrs,Hilly Paulley,hpaulleyd2@hc360.com,4351291012,Internship/Practicum,By Email,4pm - 6pm,true
Mrs,Rosabella Trayes,rtrayesd3@salon.com,3891284167,Lecture,By Email,9am - 11am,true
Ms,Benedikt Duffit,bduffitd4@springer.com,8549921875,Lecture,By Email,6pm - 8pm,true
Dr,Andrus O'Hdirscoll,aohdirscolld5@home.pl,5751695316,Studio,By Email,10am - 12pm,true
Mrs,Gabriell Hows,ghowsd6@netscape.com,4516380074,Internship/Practicum,By Email,6pm - 8pm,true
Prof,Keriann Laite,klaited7@mysql.com,8293732946,Studio,By Email,10am - 12pm,true
Engr,Concettina Hulland,chullandd8@cmu.edu,9451024139,Lecture Lab,By Phone,10am - 12pm,true
Mrs,Palmer Snugg,psnuggd9@google.com.br,1219579357,Lecture,By Phone,6pm - 8pm,true
Engr,Igor Marien,imarienda@smh.com.au,2775768665,Studio,By Phone,4pm - 6pm,true
Dr,Osborn Zima,ozimadb@moonfruit.com,4506862983,Internship/Practicum,By Phone,7pm- 9pm,true
Dr,Peirce Lamond,plamonddc@cdbaby.com,9126212757,Internship/Practicum,By Phone,6pm - 8pm,true
Dr,Orion Gommey,ogommeydd@europa.eu,5142504741,Laboratory,By Phone,6pm - 8pm,true
Ms,Nicolas Bridewell,nbridewellde@ox.ac.uk,3149559479,Internship/Practicum,By Email,7pm- 9pm,true
Mrs,Elizabet Fligg,efliggdf@eventbrite.com,1149123998,Research,By Email,4pm - 6pm,true
Prof,Carlotta Sellan,csellandg@prweb.com,9274465130,Studio,By Email,1pm - 3pm,true
Mrs,Angelina Southard,asoutharddh@goo.gl,9508638855,Independent Study,By Email,4pm - 6pm,true
Engr,Claudell Legges,cleggesdi@mediafire.com,9751299559,Studio,By Email,9am - 11am,true
Prof,Jeniffer Facher,jfacherdj@acquirethisname.com,6525356644,Independent Study,By Email,10am - 12pm,true
Mr,Tannie Langfield,tlangfielddk@newyorker.com,6575548808,Internship/Practicum,By Phone,8pm - 10pm,true
Mr,Haily Kapiloff,hkapiloffdl@over-blog.com,5661003059,Lecture Lab,By Phone,5pm - 7pm,true
Ms,Lizzy Dullaghan,ldullaghandm@infoseek.co.jp,4734395629,Independent Study,By Email,7pm- 9pm,true
Engr,Bram Buckenham,bbuckenhamdn@merriam-webster.com,2404777367,Research,By Email,5pm - 7pm,true
Dr,Jorgan Bowkett,jbowkettdo@chronoengine.com,8757428494,Laboratory,By Phone,6pm - 8pm,true
Ms,Ajay McNulty,amcnultydp@pagesperso-orange.fr,3197328096,Laboratory,By Phone,9am - 11am,true
Mr,Joleen Cerro,jcerrodq@hc360.com,9854784442,Lecture,By Email,10am - 12pm,true
Mrs,Ignaz Varley,ivarleydr@mozilla.com,1238395281,Research,By Email,1pm - 3pm,true
Prof,Guglielmo Stratford,gstratfordds@tinyurl.com,1402775707,Research,By Email,2pm - 4pm,true
Mr,Tiphanie Mudge,tmudgedt@clickbank.net,1759738242,Independent Study,By Email,6pm - 8pm,true
Dr,Ansell Calltone,acalltonedu@hc360.com,6305826614,Research,By Email,9am - 11am,true
Engr,Lonna Cowup,lcowupdv@mapy.cz,3847879900,Laboratory,By Phone,8pm - 10pm,true
Dr,Erik Vasenin,evasenindw@answers.com,4224690012,Internship/Practicum,By Email,9am - 11am,true
Mrs,Anestassia Crewes,acrewesdx@amazon.co.jp,4726064476,Independent Study,By Phone,7pm- 9pm,true
Mr,Ado Forsyth,aforsythdy@wordpress.org,6608938368,Research,By Email,8am - 10 am,true
Mr,Jane Lampart,jlampartdz@army.mil,9782310830,Studio,By Email,8am - 10 am,true
Dr,Olivero Cradoc,ocradoce0@nytimes.com,1967181329,Laboratory,By Email,5pm - 7pm,true
Prof,Nariko Wallice,nwallicee1@github.io,7448998130,Research,By Email,5pm - 7pm,true
Prof,Haley Stearn,hstearne2@intel.com,3214563149,Laboratory,By Email,9am - 11am,true
Mr,Cristal Wells,cwellse3@macromedia.com,6408595126,Independent Study,By Email,6pm - 8pm,true
Engr,Moshe Gebbie,mgebbiee4@upenn.edu,5193578598,Internship/Practicum,By Phone,10am - 12pm,true
Dr,Findlay Bourgeois,fbourgeoise5@wix.com,4743001942,Laboratory,By Phone,8pm - 10pm,true
Dr,Burg Goforth,bgoforthe6@wordpress.com,3454912430,Lecture Lab,By Email,10am - 12pm,true
Mr,Ruthann Arnett,rarnette7@topsy.com,2775364459,Laboratory,By Phone,1pm - 3pm,true
Engr,Antonio Tsar,atsare8@google.nl,6731851278,Independent Study,By Phone,8pm - 10pm,true
Dr,Nikki Valentin,nvalentine9@opensource.org,4594684671,Studio,By Phone,1pm - 3pm,true
Dr,Sonya Castellaccio,scastellaccioea@cloudflare.com,3955158384,Internship/Practicum,By Phone,5pm - 7pm,true
Ms,Lu Galley,lgalleyeb@people.com.cn,2018712635,Lecture,By Phone,6pm - 8pm,true
Dr,Ivan Haythornthwaite,ihaythornthwaiteec@icio.us,2504600865,Lecture Lab,By Phone,8pm - 10pm,true
Engr,Alexi Collings,acollingsed@umich.edu,6176353019,Laboratory,By Phone,9am - 11am,true
Ms,Symon L'Hommee,slhommeeee@hibu.com,9909240086,Laboratory,By Phone,3pm - 5pm,true
Engr,Arny Kerman,akermanef@sogou.com,9369866402,Research,By Email,4pm - 6pm,true
Prof,Riccardo Doram,rdorameg@nps.gov,1503898801,Laboratory,By Email,8am - 10 am,true
Mr,Donavon Dulling,ddullingeh@washington.edu,9154971108,Lecture,By Phone,2pm - 4pm,true
Ms,Mireille Denham,mdenhamei@washingtonpost.com,5311345422,Internship/Practicum,By Phone,6pm - 8pm,true
Engr,Bartolomeo Pringley,bpringleyej@drupal.org,3933335896,Laboratory,By Phone,8am - 10 am,true
Prof,Sonya Lannon,slannonek@umich.edu,9112111332,Lecture,By Email,6pm - 8pm,true
Mrs,Bennie Urion,burionel@blinklist.com,5009108069,Studio,By Phone,5pm - 7pm,true
Ms,Ricard Audenis,raudenisem@storify.com,6396302449,Studio,By Email,7pm- 9pm,true
Mr,Jilly Veryan,jveryanen@cbc.ca,5636379240,Independent Study,By Phone,8am - 10 am,true
Engr,Flin Brommage,fbrommageeo@live.com,2141840998,Internship/Practicum,By Email,2pm - 4pm,true
Mr,Sherilyn Tineman,stinemanep@163.com,7032199884,Internship/Practicum,By Email,9am - 11am,true
Prof,Gail McPhate,gmcphateeq@bing.com,6147264621,Lecture,By Phone,1pm - 3pm,true
Ms,Kath Pantridge,kpantridgeer@issuu.com,7026165466,Lecture Lab,By Email,1pm - 3pm,true
Mr,Freddi Penhaligon,fpenhaligones@free.fr,9695666809,Research,By Email,8pm - 10pm,true
Engr,Ingrid Spadelli,ispadelliet@posterous.com,2016956968,Lecture Lab,By Email,4pm - 6pm,true
Mrs,Netty Piletic,npileticeu@slate.com,3536564375,Laboratory,By Phone,5pm - 7pm,true
Engr,Tamara Emby,tembyev@abc.net.au,3521862537,Lecture Lab,By Phone,5pm - 7pm,true
Prof,Kakalina Tizzard,ktizzardew@washingtonpost.com,1206463878,Laboratory,By Email,3pm - 5pm,true
Engr,Roldan Vickarman,rvickarmanex@microsoft.com,8638140959,Studio,By Email,1pm - 3pm,true
Prof,Kip Janes,kjanesey@xing.com,9574966486,Studio,By Email,7pm- 9pm,true
Mrs,Aurilia Gettins,agettinsez@etsy.com,7407542148,Lecture,By Phone,8pm - 10pm,true
Dr,Rorke Gonzalez,rgonzalezf0@gov.uk,4108826883,Internship/Practicum,By Phone,4pm - 6pm,true
Prof,Miran Wimpeney,mwimpeneyf1@google.com.hk,8203458504,Laboratory,By Phone,3pm - 5pm,true
Ms,Brandi Skerrett,bskerrettf2@washingtonpost.com,3591113647,Research,By Phone,1pm - 3pm,true
Mrs,Cordi Cummine,ccumminef3@acquirethisname.com,1051718122,Laboratory,By Email,2pm - 4pm,true
Engr,Barty Penhallurick,bpenhallurickf4@myspace.com,8596595908,Studio,By Phone,2pm - 4pm,true
Mrs,Che Greenman,cgreenmanf5@slashdot.org,4252752394,Internship/Practicum,By Email,5pm - 7pm,true
Mrs,Howard Sillitoe,hsillitoef6@bing.com,7468785824,Studio,By Phone,4pm - 6pm,true
Prof,Pip Foukx,pfoukxf7@1und1.de,1365696081,Laboratory,By Phone,8pm - 10pm,true
Mr,Raf Gaitskill,rgaitskillf8@yolasite.com,7056234340,Lecture,By Email,2pm - 4pm,true
Dr,Dacy Skene,dskenef9@wix.com,7997348905,Laboratory,By Email,4pm - 6pm,true
Prof,Letitia Dunn,ldunnfa@friendfeed.com,9284273711,Research,By Email,8am - 10 am,true
Mr,Stanfield Fearnyough,sfearnyoughfb@sohu.com,9038951116,Internship/Practicum,By Phone,8am - 10 am,true
Dr,Tannie McClory,tmccloryfc@fotki.com,6876048494,Lecture,By Email,5pm - 7pm,true
Prof,Kakalina Ahren,kahrenfd@fda.gov,2379666788,Studio,By Phone,2pm - 4pm,true
Engr,Rhea Pittendreigh,rpittendreighfe@webmd.com,6641275556,Research,By Phone,9am - 11am,true
Engr,Allin McAvey,amcaveyff@google.co.uk,2905161973,Internship/Practicum,By Email,5pm - 7pm,true
Mrs,Keely Bransby,kbransbyfg@fc2.com,9249901185,Internship/Practicum,By Phone,8am - 10 am,true
Engr,Danit Bryett,dbryettfh@mail.ru,3901840465,Laboratory,By Phone,9am - 11am,true
Dr,Nanny Baugh,nbaughfi@skyrock.com,3689537700,Research,By Email,9am - 11am,true
Prof,Elly Tunnah,etunnahfj@wikimedia.org,7919759492,Research,By Phone,4pm - 6pm,true
Mrs,Bernardina McGrirl,bmcgrirlfk@abc.net.au,4725705802,Laboratory,By Phone,8am - 10 am,true
Ms,Elianore Kembrey,ekembreyfl@e-recht24.de,1999980177,Lecture Lab,By Phone,8pm - 10pm,true
Mrs,Taffy Foan,tfoanfm@taobao.com,2745485237,Research,By Email,1pm - 3pm,true
Prof,Karil Poe,kpoefn@exblog.jp,7906703035,Internship/Practicum,By Phone,4pm - 6pm,true
Prof,Lemar Bridgewater,lbridgewaterfo@unicef.org,1407163434,Lecture,By Phone,6pm - 8pm,true
Dr,Austin L'Hommeau,alhommeaufp@forbes.com,3172231273,Lecture,By Email,4pm - 6pm,true
Ms,Fabiano Sorsbie,fsorsbiefq@lycos.com,2177283823,Laboratory,By Phone,10am - 12pm,true
Mrs,Rosalyn Castagnaro,rcastagnarofr@newsvine.com,1968636348,Internship/Practicum,By Email,4pm - 6pm,true
Dr,Ginnie Barthrop,gbarthropfs@eepurl.com,4052604443,Internship/Practicum,By Email,1pm - 3pm,true
Prof,Benji Broggetti,bbroggettift@nhs.uk,1043904569,Lecture,By Email,3pm - 5pm,true
Dr,Shaina Ritchie,sritchiefu@miitbeian.gov.cn,5471547357,Internship/Practicum,By Phone,7pm- 9pm,true
Ms,Aube Prangle,apranglefv@wikia.com,9861614426,Lecture Lab,By Phone,9am - 11am,true
Mr,Zia Peddel,zpeddelfw@digg.com,9097527053,Independent Study,By Email,8pm - 10pm,true
Ms,Tommie Lodge,tlodgefx@wordpress.com,2697074187,Studio,By Phone,8am - 10 am,true
Mr,Trish McNelis,tmcnelisfy@meetup.com,4737756502,Lecture,By Phone,6pm - 8pm,true
Engr,Gabriel Avrahamian,gavrahamianfz@cargocollective.com,9312150637,Lecture,By Phone,3pm - 5pm,true
Engr,Tobi Ollerearnshaw,tollerearnshawg0@twitpic.com,4948924612,Internship/Practicum,By Email,7pm- 9pm,true
Ms,Jacquenette Owlner,jowlnerg1@hatena.ne.jp,4227728555,Lecture,By Email,10am - 12pm,true
Prof,Lon Alejandro,lalejandrog2@google.ru,2486730380,Lecture,By Email,8pm - 10pm,true
Ms,Willdon Tavener,wtavenerg3@patch.com,2597490773,Laboratory,By Email,5pm - 7pm,true
Prof,Dorella Gatteridge,dgatteridgeg4@wsj.com,2923821402,Internship/Practicum,By Email,7pm- 9pm,true
Ms,Glynnis Hastie,ghastieg5@altervista.org,9367870883,Lecture Lab,By Email,8pm - 10pm,true
Mrs,Debora Genike,dgenikeg6@eventbrite.com,3682980631,Internship/Practicum,By Email,2pm - 4pm,true
Mr,Thain Copley,tcopleyg7@unicef.org,9713691013,Lecture,By Email,7pm- 9pm,true
Prof,Gretchen Schultheiss,gschultheissg8@gizmodo.com,9934552850,Studio,By Phone,3pm - 5pm,true
Ms,Meriel Carberry,mcarberryg9@xrea.com,7084215915,Lecture Lab,By Email,4pm - 6pm,true
Mr,Winifield Bentall,wbentallga@yandex.ru,8844100479,Lecture,By Phone,6pm - 8pm,true
Engr,Terence Wildt,twildtgb@google.es,4367778226,Research,By Email,2pm - 4pm,true
Mr,Antoine Potapczuk,apotapczukgc@wunderground.com,2759090084,Studio,By Phone,9am - 11am,true
Dr,Pace Vawton,pvawtongd@csmonitor.com,9166273752,Lecture,By Phone,7pm- 9pm,true
Prof,Marisa Crankhorn,mcrankhornge@dion.ne.jp,2712178282,Independent Study,By Phone,2pm - 4pm,true
Dr,Michal Mallabon,mmallabongf@storify.com,9522678832,Lecture,By Phone,4pm - 6pm,true
Mrs,Verene Baversor,vbaversorgg@mtv.com,2049159766,Lecture,By Phone,4pm - 6pm,true
Dr,Kurtis Latchmore,klatchmoregh@economist.com,7882780443,Laboratory,By Email,3pm - 5pm,true
Engr,Yvor Grouer,ygrouergi@xing.com,3453638266,Studio,By Email,9am - 11am,true
Ms,Nobie Beves,nbevesgj@sakura.ne.jp,9935429398,Lecture,By Email,1pm - 3pm,true
Ms,Randa Bloss,rblossgk@blogtalkradio.com,4264203206,Internship/Practicum,By Phone,8am - 10 am,true
Engr,Ertha Pringour,epringourgl@naver.com,6678179516,Lecture Lab,By Phone,3pm - 5pm,true
Engr,Maurine Larmett,mlarmettgm@microsoft.com,6233877193,Laboratory,By Phone,8pm - 10pm,true
Engr,Kessia Vaneev,kvaneevgn@shareasale.com,4798020029,Laboratory,By Phone,5pm - 7pm,true
Prof,Julissa Judd,jjuddgo@ted.com,9276021830,Lecture,By Email,5pm - 7pm,true
Dr,Amory Cocci,acoccigp@columbia.edu,2883699510,Independent Study,By Email,6pm - 8pm,true
Engr,Jacqueline Lewsley,jlewsleygq@clickbank.net,1024391260,Internship/Practicum,By Phone,9am - 11am,true
Prof,Micheline Lidgely,mlidgelygr@netscape.com,1314796191,Laboratory,By Phone,2pm - 4pm,true
Ms,Everard Whooley,ewhooleygs@a8.net,6373574324,Internship/Practicum,By Phone,6pm - 8pm,true
Ms,Adams Espinal,aespinalgt@macromedia.com,2591727817,Research,By Phone,8pm - 10pm,true
Engr,Kass Loughan,kloughangu@mashable.com,2807539955,Research,By Email,5pm - 7pm,true
Mrs,Lettie Oswick,loswickgv@oaic.gov.au,1151459170,Laboratory,By Email,8am - 10 am,true
Engr,Ken Hitscher,khitschergw@ox.ac.uk,3293381401,Research,By Phone,8am - 10 am,true
Mrs,Fabio Shoorbrooke,fshoorbrookegx@usnews.com,6945925608,Research,By Phone,9am - 11am,true
Prof,Timi Tivnan,ttivnangy@rakuten.co.jp,2182890677,Internship/Practicum,By Phone,10am - 12pm,true
Ms,Pavia Kilbourn,pkilbourngz@odnoklassniki.ru,7793644280,Research,By Phone,1pm - 3pm,true
Prof,Godiva Doul,gdoulh0@sakura.ne.jp,9982895424,Lecture,By Email,5pm - 7pm,true
Ms,Rivi Hudspeth,rhudspethh1@behance.net,2099619942,Studio,By Phone,9am - 11am,true
Ms,Babs Lumsdale,blumsdaleh2@chron.com,8145110544,Lecture,By Email,6pm - 8pm,true
Engr,Rosemaria Woofenden,rwoofendenh3@nydailynews.com,9406940740,Laboratory,By Email,7pm- 9pm,true
Mr,Alane Bratten,abrattenh4@tripod.com,6679416238,Internship/Practicum,By Phone,7pm- 9pm,true
Ms,Maybelle Kopecka,mkopeckah5@tmall.com,6803158665,Lecture Lab,By Phone,3pm - 5pm,true
Prof,Modestia Antwis,mantwish6@comcast.net,9293116742,Studio,By Phone,8pm - 10pm,true
Mrs,Hertha Arons,haronsh7@amazon.co.jp,2654443387,Lecture Lab,By Email,10am - 12pm,true
Engr,Benedetto Rhodus,brhodush8@ovh.net,1926441228,Internship/Practicum,By Email,7pm- 9pm,true
Prof,Calli Tatton,ctattonh9@webmd.com,2383484012,Research,By Phone,7pm- 9pm,true
Prof,Shannon Boyall,sboyallha@netlog.com,2965281222,Lecture Lab,By Email,2pm - 4pm,true
Ms,Georgette Triswell,gtriswellhb@engadget.com,7589891997,Studio,By Email,8pm - 10pm,true
Dr,Louisa Champagne,lchampagnehc@noaa.gov,8599532668,Lecture Lab,By Email,9am - 11am,true
Engr,Barr De-Ville,bdevillehd@harvard.edu,2334791602,Laboratory,By Phone,10am - 12pm,true
Mrs,Billie Radin,bradinhe@histats.com,6116133928,Independent Study,By Email,10am - 12pm,true
Dr,Helen-elizabeth Capun,hcapunhf@instagram.com,5102855277,Lecture,By Phone,4pm - 6pm,true
Mrs,Amelia Mattys,amattyshg@g.co,6633429405,Research,By Email,3pm - 5pm,true
Ms,Fredra Artingstall,fartingstallhh@friendfeed.com,8965046680,Laboratory,By Phone,10am - 12pm,true
Ms,Cornie Robertot,crobertothi@acquirethisname.com,7994831629,Laboratory,By Email,7pm- 9pm,true
Ms,Margette Tomkiss,mtomkisshj@msu.edu,6775645568,Lecture Lab,By Email,4pm - 6pm,true
Mr,Riki Kirkpatrick,rkirkpatrickhk@nature.com,6263318781,Research,By Phone,2pm - 4pm,true
Dr,Bathsheba Steagall,bsteagallhl@dailymail.co.uk,1753342119,Lecture,By Email,7pm- 9pm,true
Mrs,Rem Baake,rbaakehm@google.com.hk,2498153889,Research,By Email,2pm - 4pm,true
Engr,Rolph Ruffler,rrufflerhn@creativecommons.org,3529474963,Lecture Lab,By Email,5pm - 7pm,true
Engr,Shena Killingworth,skillingworthho@princeton.edu,8285509229,Research,By Phone,10am - 12pm,true
Mrs,Nessie Allaker,nallakerhp@list-manage.com,6332714265,Lecture,By Email,5pm - 7pm,true
Dr,Christine Lukacs,clukacshq@wikipedia.org,4868090880,Internship/Practicum,By Phone,6pm - 8pm,true
Engr,Katalin Levins,klevinshr@ucla.edu,9617605222,Internship/Practicum,By Phone,8pm - 10pm,true
Prof,Agna Compson,acompsonhs@topsy.com,7925468232,Internship/Practicum,By Phone,10am - 12pm,true
Engr,Lester Laurenceau,llaurenceauht@toplist.cz,6284981777,Independent Study,By Phone,9am - 11am,true
Dr,Wiley Desesquelle,wdesesquellehu@nymag.com,3159790885,Research,By Email,3pm - 5pm,true
Mr,Bendicty Tisor,btisorhv@boston.com,7744043334,Lecture,By Email,8am - 10 am,true
Prof,Betteann MacMychem,bmacmychemhw@hhs.gov,7459615081,Independent Study,By Email,8am - 10 am,true
Dr,Deborah Fley,dfleyhx@noaa.gov,2229444965,Laboratory,By Email,3pm - 5pm,true
Prof,Adriane Dineges,adinegeshy@so-net.ne.jp,5503300856,Studio,By Email,5pm - 7pm,true
Ms,Zsa zsa Casiroli,zzsahz@goodreads.com,1098268198,Independent Study,By Email,9am - 11am,true
Engr,Juliette Germain,jgermaini0@flickr.com,3887707355,Studio,By Email,8pm - 10pm,true
Dr,Caterina Klimentov,cklimentovi1@guardian.co.uk,3795201536,Laboratory,By Phone,4pm - 6pm,true
Mrs,Nye Germaine,ngermainei2@loc.gov,4863733022,Independent Study,By Phone,8pm - 10pm,true
Ms,Dom Benettelli,dbenettellii3@nationalgeographic.com,3455136769,Laboratory,By Email,10am - 12pm,true
Engr,Modestine Mollon,mmolloni4@about.me,6582021701,Internship/Practicum,By Phone,2pm - 4pm,true
Mrs,Cariotta Westrip,cwestripi5@google.com.br,8886104467,Research,By Email,4pm - 6pm,true
Prof,Pammy Cristofari,pcristofarii6@spiegel.de,6986902880,Internship/Practicum,By Email,7pm- 9pm,true
Ms,Benedikt Jannequin,bjannequini7@chronoengine.com,5607621487,Internship/Practicum,By Phone,9am - 11am,true
Dr,Roslyn Fathers,rfathersi8@dell.com,6819978244,Internship/Practicum,By Email,7pm- 9pm,true
Mr,Ferdy Wroath,fwroathi9@seattletimes.com,2056776303,Internship/Practicum,By Email,7pm- 9pm,true
Engr,Zulema Keates,zkeatesia@bizjournals.com,4963699757,Lecture,By Email,4pm - 6pm,true
Mr,Cindelyn Soonhouse,csoonhouseib@acquirethisname.com,8297767284,Lecture Lab,By Email,8am - 10 am,true
Engr,Keslie Jantot,kjantotic@multiply.com,8163282621,Laboratory,By Phone,8pm - 10pm,true
Mrs,Jena Harris,jharrisid@amazon.de,3897752759,Independent Study,By Email,2pm - 4pm,true
Mrs,Lela Gillham,lgillhamie@theatlantic.com,1471236561,Research,By Phone,2pm - 4pm,true
Prof,Barthel Gernier,bgernierif@intel.com,4095775589,Research,By Phone,10am - 12pm,true
Prof,Ange Lantiff,alantiffig@qq.com,5569925072,Independent Study,By Phone,1pm - 3pm,true
Ms,Tanya Lord,tlordih@house.gov,8204260018,Research,By Email,9am - 11am,true
Ms,Chev Trever,ctreverii@de.vu,6349176199,Studio,By Email,8am - 10 am,true
Dr,Shandee Killcross,skillcrossij@bbc.co.uk,8682847488,Lecture Lab,By Phone,3pm - 5pm,true
Mr,Teressa Wyllt,twylltik@house.gov,4604296004,Laboratory,By Email,10am - 12pm,true
Engr,Sarette Lemanu,slemanuil@rediff.com,5171238264,Lecture Lab,By Email,7pm- 9pm,true
Engr,Andy Schult,aschultim@blogspot.com,8207930095,Lecture Lab,By Email,8am - 10 am,true
Prof,Leupold Albany,lalbanyin@infoseek.co.jp,4663227660,Internship/Practicum,By Phone,5pm - 7pm,true
Ms,Levey Chritchlow,lchritchlowio@miibeian.gov.cn,8531404870,Studio,By Email,8am - 10 am,true
Engr,Lamar Limpricht,llimprichtip@usda.gov,6389812537,Lecture,By Phone,10am - 12pm,true
Engr,Angelina Cromett,acromettiq@unesco.org,8323407659,Laboratory,By Email,10am - 12pm,true
Mr,Remington Fairnington,rfairningtonir@livejournal.com,3469682019,Independent Study,By Email,4pm - 6pm,true
Prof,Randa Crisford,rcrisfordis@privacy.gov.au,7864189156,Independent Study,By Phone,8pm - 10pm,true
Dr,Randal Dadge,rdadgeit@google.com,6234699187,Lecture Lab,By Phone,5pm - 7pm,true
Mrs,Colby Keuneke,ckeunekeiu@kickstarter.com,7685279591,Internship/Practicum,By Email,9am - 11am,true
Mr,Willdon Trusse,wtrusseiv@europa.eu,7901522922,Internship/Practicum,By Phone,7pm- 9pm,true
Mrs,Lew Renihan,lrenihaniw@123-reg.co.uk,5587733855,Lecture,By Phone,4pm - 6pm,true
Mrs,Lu D'Adamo,ldadamoix@usgs.gov,2329846566,Internship/Practicum,By Phone,9am - 11am,true
Dr,Paul Treske,ptreskeiy@merriam-webster.com,3609350417,Internship/Practicum,By Phone,4pm - 6pm,true
Mrs,Ursuline O'Hoey,uohoeyiz@addtoany.com,6518115118,Laboratory,By Email,4pm - 6pm,true
Prof,Krysta Denholm,kdenholmj0@wikipedia.org,7772406586,Laboratory,By Email,4pm - 6pm,true
Dr,Robbi Chese,rchesej1@marketwatch.com,5185053066,Lecture Lab,By Phone,10am - 12pm,true
Mr,Hagen Villaret,hvillaretj2@comsenz.com,2853555148,Lecture,By Phone,2pm - 4pm,true
Ms,Jude Wilhelmy,jwilhelmyj3@google.ru,6569883219,Internship/Practicum,By Phone,9am - 11am,true
Prof,Putnam Brockbank,pbrockbankj4@eventbrite.com,5048197577,Lecture,By Phone,7pm- 9pm,true
Dr,Tybi Donet,tdonetj5@histats.com,5647215937,Internship/Practicum,By Email,5pm - 7pm,true
Mr,Pip Cutten,pcuttenj6@feedburner.com,4787243328,Independent Study,By Phone,7pm- 9pm,true
Dr,Daveen Jesty,djestyj7@qq.com,8242551224,Lecture,By Phone,1pm - 3pm,true
Ms,Sibylle Lockney,slockneyj8@simplemachines.org,6377603667,Independent Study,By Phone,10am - 12pm,true
Ms,Korie Mongenot,kmongenotj9@unc.edu,1713123425,Independent Study,By Email,2pm - 4pm,true
Ms,Auroora Braywood,abraywoodja@yale.edu,2643189959,Studio,By Phone,4pm - 6pm,true
Engr,Stavro Abbison,sabbisonjb@networkadvertising.org,8493276163,Independent Study,By Email,8pm - 10pm,true
Prof,Ambrose Spring,aspringjc@themeforest.net,4598100979,Studio,By Phone,6pm - 8pm,true
Dr,Marilyn Vanyakin,mvanyakinjd@dyndns.org,4606788692,Studio,By Email,6pm - 8pm,true
Engr,Padgett Andreaccio,pandreaccioje@marriott.com,6905423379,Lecture Lab,By Email,6pm - 8pm,true
Dr,Valentin Fer,vferjf@ehow.com,7541716654,Lecture Lab,By Email,10am - 12pm,true
Prof,Ana Tern,aternjg@fastcompany.com,6867055136,Independent Study,By Phone,5pm - 7pm,true
Mrs,Karlis Gardiner,kgardinerjh@ucsd.edu,9217543121,Laboratory,By Email,6pm - 8pm,true
Mr,Kearney Klimkiewich,kklimkiewichji@dropbox.com,3127608071,Internship/Practicum,By Phone,8am - 10 am,true
Prof,Katrinka Grent,kgrentjj@moonfruit.com,8552926085,Independent Study,By Email,2pm - 4pm,true
Mrs,Jocelyne Maiden,jmaidenjk@va.gov,1179879907,Internship/Practicum,By Phone,4pm - 6pm,true
Ms,Lynne Mollindinia,lmollindiniajl@businessinsider.com,1335662348,Internship/Practicum,By Email,10am - 12pm,true
Ms,Alene Corden,acordenjm@linkedin.com,8667522600,Lecture,By Email,9am - 11am,true
Mrs,Leelah Caddock,lcaddockjn@wired.com,8765718747,Internship/Practicum,By Phone,8pm - 10pm,true
Prof,Maryjane Sabater,msabaterjo@virginia.edu,6794434843,Research,By Phone,4pm - 6pm,true
Ms,Gwenora Brounfield,gbrounfieldjp@un.org,7343356238,Internship/Practicum,By Email,2pm - 4pm,true
Mr,Kingsly Egdal,kegdaljq@rediff.com,7986675115,Independent Study,By Email,8am - 10 am,true
Mr,Nikolaos Wartonby,nwartonbyjr@wisc.edu,4391586927,Laboratory,By Email,8pm - 10pm,true
Engr,Dennie Schriren,dschrirenjs@archive.org,3686796917,Research,By Phone,4pm - 6pm,true
Ms,Nicko Gadie,ngadiejt@senate.gov,8994600509,Independent Study,By Email,6pm - 8pm,true
Dr,Raff Auckland,raucklandju@indiatimes.com,1615067614,Research,By Email,6pm - 8pm,true
Prof,Gabriela Henrys,ghenrysjv@stanford.edu,1491963158,Independent Study,By Email,2pm - 4pm,true
Engr,Cull Giacoboni,cgiacobonijw@shinystat.com,3344539742,Internship/Practicum,By Phone,4pm - 6pm,true
Dr,Lyndel Halifax,lhalifaxjx@wsj.com,2159610605,Laboratory,By Email,10am - 12pm,true
Dr,Jervis Riccione,jriccionejy@state.gov,1711309858,Internship/Practicum,By Email,7pm- 9pm,true
Engr,Duff Philpin,dphilpinjz@eventbrite.com,9144509520,Laboratory,By Email,3pm - 5pm,true
Engr,Alyson Sidney,asidneyk0@about.me,8003796390,Studio,By Email,4pm - 6pm,true
Dr,Job Jakoviljevic,jjakoviljevick1@arstechnica.com,5604296939,Studio,By Phone,6pm - 8pm,true
Dr,Gallard Jacks,gjacksk2@omniture.com,7495575168,Lecture,By Phone,4pm - 6pm,true
Mr,Inge Marsland,imarslandk3@yellowpages.com,5919649534,Studio,By Email,5pm - 7pm,true
Mrs,Kristal Bayns,kbaynsk4@google.it,3311937577,Laboratory,By Phone,8pm - 10pm,true
Prof,Chen Aleshintsev,caleshintsevk5@csmonitor.com,1959446680,Studio,By Email,5pm - 7pm,true
Engr,Tyne Winspare,twinsparek6@wikimedia.org,5821609667,Lecture Lab,By Email,10am - 12pm,true
Engr,Carmel Hawkeswood,chawkeswoodk7@unesco.org,7915978311,Lecture Lab,By Email,6pm - 8pm,true
Ms,Konstance Bedingfield,kbedingfieldk8@nature.com,9549408316,Studio,By Phone,6pm - 8pm,true
Mrs,Loren Laugier,llaugierk9@dedecms.com,8551647140,Lecture Lab,By Email,10am - 12pm,true
Engr,Fernande De Coursey,fdeka@loc.gov,5419066507,Studio,By Phone,1pm - 3pm,true
Ms,Cristian Levitt,clevittkb@elpais.com,1173131307,Internship/Practicum,By Email,2pm - 4pm,true
Mrs,Leila Goady,lgoadykc@last.fm,3539823417,Independent Study,By Email,4pm - 6pm,true
Dr,Quillan Springtorp,qspringtorpkd@boston.com,9749685945,Independent Study,By Phone,7pm- 9pm,true
Dr,Almeta Nanni,anannike@friendfeed.com,8248967360,Internship/Practicum,By Phone,3pm - 5pm,true
Mrs,Revkah Solloway,rsollowaykf@creativecommons.org,8906635278,Lecture,By Email,4pm - 6pm,true
Mr,Elberta Babinski,ebabinskikg@wikipedia.org,8607973571,Research,By Phone,3pm - 5pm,true
Prof,Keslie Bromage,kbromagekh@sciencedirect.com,8355060425,Lecture,By Email,3pm - 5pm,true
Engr,Clyve Osgood,cosgoodki@yale.edu,8343371375,Studio,By Email,8pm - 10pm,true
Mrs,Marlena Butterfill,mbutterfillkj@reverbnation.com,8516736071,Studio,By Email,8pm - 10pm,true
Dr,Herculie Sandells,hsandellskk@blogger.com,9478142585,Independent Study,By Phone,8pm - 10pm,true
Ms,Gui Rambaut,grambautkl@infoseek.co.jp,9577622657,Laboratory,By Email,5pm - 7pm,true
Mrs,Janenna Vivyan,jvivyankm@github.com,1554552261,Independent Study,By Email,8pm - 10pm,true
Ms,Augy Baine,abainekn@cdc.gov,4834357902,Internship/Practicum,By Email,7pm- 9pm,true
Mrs,El Vakhonin,evakhoninko@un.org,2329023000,Research,By Phone,4pm - 6pm,true
Mrs,Dehlia Boas,dboaskp@shutterfly.com,4939646646,Lecture Lab,By Email,9am - 11am,true
Mr,Wilek Townsend,wtownsendkq@chicagotribune.com,9486285821,Internship/Practicum,By Phone,9am - 11am,true
Dr,Jeremy Perchard,jperchardkr@foxnews.com,9105216900,Independent Study,By Email,8am - 10 am,true
Prof,Orbadiah Conrard,oconrardks@wisc.edu,6932609768,Lecture,By Phone,3pm - 5pm,true
Prof,Ramon Chesworth,rchesworthkt@skype.com,1228105222,Studio,By Phone,1pm - 3pm,true
Mrs,Arthur Malster,amalsterku@hibu.com,6123406017,Laboratory,By Email,8pm - 10pm,true
Mrs,Sonny Peterffy,speterffykv@wikipedia.org,4072728168,Studio,By Email,8am - 10 am,true
Engr,Nada Teal,ntealkw@constantcontact.com,5863547531,Lecture,By Phone,7pm- 9pm,true
Prof,Lyndsay Bassingham,lbassinghamkx@sbwire.com,9013231421,Independent Study,By Email,8pm - 10pm,true
Prof,Cobb Sissland,csisslandky@reddit.com,8888018587,Laboratory,By Phone,2pm - 4pm,true
Dr,Joana Spilisy,jspilisykz@bbb.org,3719597424,Lecture,By Email,7pm- 9pm,true
Engr,Wendell McDonald,wmcdonaldl0@baidu.com,5401559934,Research,By Phone,7pm- 9pm,true
Ms,Eduino Castanyer,ecastanyerl1@goo.gl,8051338587,Research,By Phone,3pm - 5pm,true
Ms,Clemence Logue,cloguel2@smugmug.com,8701696406,Studio,By Email,10am - 12pm,true
Mr,Lesya Furniss,lfurnissl3@who.int,7344454518,Internship/Practicum,By Phone,1pm - 3pm,true
Engr,Devora Faulder,dfaulderl4@adobe.com,8193304418,Lecture,By Email,3pm - 5pm,true
Mr,Everard Gynne,egynnel5@about.com,1741426507,Research,By Phone,4pm - 6pm,true
Mr,Rozina Gamblin,rgamblinl6@epa.gov,1056312299,Lecture Lab,By Phone,1pm - 3pm,true
Mr,Fan Keward,fkewardl7@lulu.com,4027309181,Laboratory,By Phone,10am - 12pm,true
Mr,Aura Wood,awoodl8@msn.com,8133253201,Lecture,By Phone,1pm - 3pm,true
Mrs,Kate Learoid,klearoidl9@noaa.gov,6926105157,Laboratory,By Email,1pm - 3pm,true
Mrs,Melita Perfitt,mperfittla@patch.com,6949351429,Independent Study,By Phone,5pm - 7pm,true
Ms,Myrna Denniss,mdennisslb@shop-pro.jp,7422184993,Laboratory,By Phone,1pm - 3pm,true
Engr,Pavia Mackie,pmackielc@php.net,9698156141,Studio,By Phone,4pm - 6pm,true
Mr,Miran O'Heyne,moheyneld@dyndns.org,6659229964,Lecture Lab,By Phone,8pm - 10pm,true
Dr,Antoinette Hayth,ahaythle@cisco.com,7617839252,Research,By Phone,8am - 10 am,true
Mr,Filip Fentem,ffentemlf@aboutads.info,2539101563,Lecture Lab,By Email,3pm - 5pm,true
Engr,Judas Jarrell,jjarrelllg@independent.co.uk,6744353933,Lecture Lab,By Email,3pm - 5pm,true
Dr,Billi Blaksley,bblaksleylh@irs.gov,7421866347,Laboratory,By Phone,8am - 10 am,true
Prof,Matthiew Grosvener,mgrosvenerli@state.tx.us,9398459227,Lecture,By Email,1pm - 3pm,true
Prof,Helaina Fitzsymonds,hfitzsymondslj@cbsnews.com,2151228698,Lecture Lab,By Email,4pm - 6pm,true
Ms,Hortensia Clears,hclearslk@goo.ne.jp,4022789458,Studio,By Phone,7pm- 9pm,true
Mr,Britt Petrelli,bpetrellill@cdbaby.com,3614350362,Laboratory,By Phone,9am - 11am,true
Mrs,Tadeas Betton,tbettonlm@google.it,3576698976,Lecture Lab,By Email,7pm- 9pm,true
Mr,Ode Muggleton,omuggletonln@nbcnews.com,6448098041,Independent Study,By Email,7pm- 9pm,true
Prof,Carolee Jagson,cjagsonlo@ft.com,7034871504,Studio,By Phone,1pm - 3pm,true
Engr,Bennie Whitehair,bwhitehairlp@angelfire.com,1097193009,Lecture Lab,By Phone,8pm - 10pm,true
Prof,Godfry Heys,gheyslq@eepurl.com,2117989277,Studio,By Email,8pm - 10pm,true
Mr,Marice Aslin,maslinlr@homestead.com,7906506014,Research,By Phone,6pm - 8pm,true
Engr,Alexia Davidofski,adavidofskils@wordpress.org,1945878951,Internship/Practicum,By Email,8am - 10 am,true
Dr,Kale Aleswell,kaleswelllt@soundcloud.com,9185017446,Internship/Practicum,By Phone,1pm - 3pm,true
Prof,Neala Braitling,nbraitlinglu@youtube.com,8596938798,Laboratory,By Email,2pm - 4pm,true
Ms,Alexei Learned,alearnedlv@si.edu,4751550325,Independent Study,By Email,4pm - 6pm,true
Prof,Engracia Tennant,etennantlw@vk.com,8435150729,Lecture Lab,By Email,8pm - 10pm,true
Mrs,Nicol Matsell,nmatselllx@cargocollective.com,2472844044,Lecture Lab,By Phone,8pm - 10pm,true
Ms,Broddy Kainz,bkainzly@cisco.com,8137440175,Lecture,By Phone,7pm- 9pm,true
Mrs,Fransisco Leishman,fleishmanlz@pagesperso-orange.fr,9572962953,Research,By Phone,9am - 11am,true
Ms,Stacy Yewdale,syewdalem0@uol.com.br,3423457073,Research,By Phone,7pm- 9pm,true
Mr,Tymon Seals,tsealsm1@addtoany.com,9204113380,Research,By Email,8pm - 10pm,true
Ms,Gilberta Hawkswood,ghawkswoodm2@apple.com,6983614584,Lecture,By Email,10am - 12pm,true
Engr,Jeromy Carlton,jcarltonm3@networkadvertising.org,7952856176,Lecture,By Email,6pm - 8pm,true
Mr,Massimo Dunsmore,mdunsmorem4@senate.gov,2089604056,Research,By Phone,6pm - 8pm,true
Prof,Remus Vasse,rvassem5@imageshack.us,6073353181,Independent Study,By Phone,8am - 10 am,true
Dr,Emili Fazakerley,efazakerleym6@sciencedirect.com,2534509284,Lecture Lab,By Phone,7pm- 9pm,true
Engr,Whitaker Awty,wawtym7@theguardian.com,5082707919,Studio,By Phone,10am - 12pm,true
Ms,Sanders Disbrow,sdisbrowm8@amazon.co.uk,7476827058,Research,By Phone,8pm - 10pm,true
Dr,Romona Stirton,rstirtonm9@webs.com,5339688575,Research,By Email,5pm - 7pm,true
Engr,Jeralee Culy,jculyma@privacy.gov.au,8231312310,Lecture Lab,By Email,6pm - 8pm,true
Mr,Leicester Gurton,lgurtonmb@uiuc.edu,4156739597,Laboratory,By Phone,5pm - 7pm,true
Ms,Barrie Abbott,babbottmc@drupal.org,1339775032,Laboratory,By Email,10am - 12pm,true
Prof,Siouxie Rashleigh,srashleighmd@businesswire.com,9783902806,Lecture,By Email,4pm - 6pm,true
Dr,Madelin Trewin,mtrewinme@fotki.com,1609538199,Lecture,By Phone,9am - 11am,true
Mr,Pegeen Quartermaine,pquartermainemf@blogger.com,2922580329,Lecture,By Phone,10am - 12pm,true
Mr,Sherie Sacaze,ssacazemg@amazon.de,4192548442,Lecture Lab,By Phone,6pm - 8pm,true
Dr,Carlene Frayling,cfraylingmh@imgur.com,8359859750,Research,By Phone,4pm - 6pm,true
Engr,Pavlov Barkshire,pbarkshiremi@washington.edu,5639770635,Lecture Lab,By Email,9am - 11am,true
Dr,Tomas Scourgie,tscourgiemj@msu.edu,2669676715,Research,By Phone,4pm - 6pm,true
Mr,Kimberly Hourahan,khourahanmk@sina.com.cn,9157643579,Research,By Phone,10am - 12pm,true
Engr,Ewell Harvie,eharvieml@skype.com,8424447058,Independent Study,By Email,8pm - 10pm,true
Mr,Thadeus De Ortega,tdemm@canalblog.com,1977395173,Lecture Lab,By Phone,9am - 11am,true
Engr,Floria Bernocchi,fbernocchimn@ow.ly,7483280589,Internship/Practicum,By Email,10am - 12pm,true
Mrs,Marwin Penlington,mpenlingtonmo@nih.gov,1831964960,Independent Study,By Phone,8pm - 10pm,true
Dr,Phelia Hugnin,phugninmp@cdc.gov,9572409194,Internship/Practicum,By Phone,2pm - 4pm,true
Ms,Lida Springell,lspringellmq@oaic.gov.au,9178936718,Research,By Phone,6pm - 8pm,true
Ms,Byram Djorevic,bdjorevicmr@spiegel.de,9255799531,Internship/Practicum,By Email,3pm - 5pm,true
Ms,Nicol Geeves,ngeevesms@last.fm,3992782895,Research,By Phone,3pm - 5pm,true
Mr,Aylmar Walkinshaw,awalkinshawmt@storify.com,6195620006,Research,By Phone,10am - 12pm,true
Prof,Vinson Manger,vmangermu@google.ca,1814974928,Independent Study,By Phone,8pm - 10pm,true
Mrs,Chuck Danes,cdanesmv@epa.gov,3917856315,Internship/Practicum,By Email,5pm - 7pm,true
Prof,Idelle McRinn,imcrinnmw@hibu.com,2453572625,Independent Study,By Phone,8am - 10 am,true
Ms,Kelcy Kiraly,kkiralymx@themeforest.net,5725099643,Studio,By Email,5pm - 7pm,true
Dr,Mitchell Greenley,mgreenleymy@mit.edu,5682505498,Lecture Lab,By Email,10am - 12pm,true
Dr,Lewiss Armall,larmallmz@etsy.com,7868407582,Independent Study,By Phone,8am - 10 am,true
Dr,Jule Trasler,jtraslern0@state.tx.us,6639435683,Independent Study,By Phone,4pm - 6pm,true
Mrs,Archy Rowlett,arowlettn1@eventbrite.com,3883992700,Research,By Email,7pm- 9pm,true
Ms,Petronia Baccus,pbaccusn2@army.mil,6839912921,Independent Study,By Email,8pm - 10pm,true
Mr,Andromache MacKain,amackainn3@shop-pro.jp,7495935487,Lecture Lab,By Phone,10am - 12pm,true
Mrs,Carolann Forestall,cforestalln4@vinaora.com,3036232527,Studio,By Email,5pm - 7pm,true
Mrs,Theressa O'Monahan,tomonahann5@mapquest.com,9105796559,Lecture,By Phone,3pm - 5pm,true
Dr,Willy Gillie,wgillien6@facebook.com,1318476265,Internship/Practicum,By Email,3pm - 5pm,true
Mrs,Bryant Pietranek,bpietranekn7@nba.com,8376878975,Research,By Email,5pm - 7pm,true
Prof,Allix Brinkley,abrinkleyn8@telegraph.co.uk,5942042230,Lecture Lab,By Email,9am - 11am,true
Mr,Marysa Gosalvez,mgosalvezn9@purevolume.com,3005751420,Lecture,By Phone,1pm - 3pm,true
Ms,Maurita Goatcher,mgoatcherna@domainmarket.com,3177507376,Lecture,By Email,7pm- 9pm,true
Ms,Kalle Cottham,kcotthamnb@flavors.me,2705226289,Studio,By Email,4pm - 6pm,true
Dr,Justinn Eynald,jeynaldnc@tinypic.com,7685746545,Studio,By Email,6pm - 8pm,true
Mr,Ennis Sawkin,esawkinnd@yahoo.co.jp,4788515493,Lecture Lab,By Email,2pm - 4pm,true
Mrs,Leupold Worge,lworgene@pcworld.com,5223421824,Independent Study,By Phone,7pm- 9pm,true
Prof,Nanon Aguirrezabal,naguirrezabalnf@youtube.com,8768948777,Lecture,By Email,2pm - 4pm,true
Engr,Asher Leakner,aleaknerng@bandcamp.com,3942618493,Studio,By Phone,9am - 11am,true
Mrs,Aube Lampens,alampensnh@addthis.com,7054475456,Lecture Lab,By Phone,1pm - 3pm,true
Mrs,Pam Wey,pweyni@hc360.com,1003992731,Studio,By Email,8pm - 10pm,true
Mrs,Katerina Falcus,kfalcusnj@trellian.com,1172889757,Laboratory,By Email,2pm - 4pm,true
Mr,Slade Keuning,skeuningnk@merriam-webster.com,9421760147,Internship/Practicum,By Email,1pm - 3pm,true
Engr,Cthrine Shreeve,cshreevenl@samsung.com,6086353735,Lecture,By Phone,5pm - 7pm,true
Prof,Micheil Handscombe,mhandscombenm@usa.gov,9834278031,Research,By Phone,2pm - 4pm,true
Engr,Westleigh Benois,wbenoisnn@msn.com,5677764216,Lecture Lab,By Phone,5pm - 7pm,true
Engr,Fanchette de Leon,fdeno@toplist.cz,7256808636,Laboratory,By Email,1pm - 3pm,true
Prof,Molli Wildt,mwildtnp@ft.com,5716944918,Internship/Practicum,By Email,3pm - 5pm,true
Engr,Stephani Hearley,shearleynq@toplist.cz,9396211427,Internship/Practicum,By Phone,2pm - 4pm,true
Ms,Ernestus Massy,emassynr@ox.ac.uk,2839620465,Internship/Practicum,By Phone,2pm - 4pm,true
Mrs,Boony Josephoff,bjosephoffns@skyrock.com,4442571562,Internship/Practicum,By Email,2pm - 4pm,true
Mr,Harlin Gallahar,hgallaharnt@vk.com,2094189692,Studio,By Phone,8pm - 10pm,true
Prof,Skylar Dreschler,sdreschlernu@liveinternet.ru,8554519260,Independent Study,By Phone,9am - 11am,true
Engr,Adrien Breach,abreachnv@purevolume.com,3752617899,Lecture,By Email,8am - 10 am,true
Mr,Raphael Ricards,rricardsnw@etsy.com,7172855749,Laboratory,By Email,5pm - 7pm,true
Prof,Yurik Puleston,ypulestonnx@youtube.com,2636655043,Independent Study,By Email,5pm - 7pm,true
Prof,Temple Pidgeley,tpidgeleyny@mashable.com,8417941607,Internship/Practicum,By Phone,5pm - 7pm,true
Mr,Edi Reilly,ereillynz@blogs.com,1215153405,Lecture Lab,By Phone,7pm- 9pm,true
Mrs,Carlene Tipping,ctippingo0@photobucket.com,1085011898,Internship/Practicum,By Email,6pm - 8pm,true
Ms,Celestina Zanicchelli,czanicchellio1@uol.com.br,7916276617,Independent Study,By Phone,10am - 12pm,true
Engr,Giuseppe Goldes,ggoldeso2@slideshare.net,8229196447,Laboratory,By Phone,3pm - 5pm,true
Ms,Bonnie Hamner,bhamnero3@china.com.cn,4764909178,Laboratory,By Email,1pm - 3pm,true
Mr,Adlai O'Mohun,aomohuno4@geocities.jp,9223822050,Research,By Email,2pm - 4pm,true
Dr,Cleo Earl,cearlo5@about.com,1008625877,Independent Study,By Email,6pm - 8pm,true
Ms,Lynea Greiswood,lgreiswoodo6@g.co,8659918406,Independent Study,By Phone,8am - 10 am,true
Mr,Erica Hauch,ehaucho7@craigslist.org,1303732791,Laboratory,By Phone,6pm - 8pm,true
Prof,Noelle Jeandot,njeandoto8@friendfeed.com,4669032056,Lecture Lab,By Email,6pm - 8pm,true
Prof,Othilie Farncombe,ofarncombeo9@aboutads.info,4917328395,Lecture,By Email,6pm - 8pm,true
Mr,Charlotta Laux,clauxoa@phpbb.com,9453068300,Research,By Email,3pm - 5pm,true
Engr,Lion Esh,leshob@cbc.ca,1019802078,Lecture Lab,By Email,6pm - 8pm,true
Dr,Gualterio Triplow,gtriplowoc@microsoft.com,6544651271,Research,By Email,9am - 11am,true
Ms,Fancy Hargreves,fhargrevesod@google.com.hk,5164652970,Laboratory,By Phone,8am - 10 am,true
Mrs,Catriona Trass,ctrassoe@reuters.com,8995691624,Lecture,By Email,3pm - 5pm,true
Mrs,Eileen Ogilby,eogilbyof@wiley.com,9743388002,Studio,By Email,4pm - 6pm,true
Mr,Blithe Orr,borrog@hugedomains.com,6087766422,Studio,By Email,7pm- 9pm,true
Prof,Aggy Riordan,ariordanoh@youtube.com,7311064765,Lecture Lab,By Email,10am - 12pm,true
Prof,Leighton Battie,lbattieoi@privacy.gov.au,5773457069,Internship/Practicum,By Phone,6pm - 8pm,true
Dr,Gennie Trussell,gtrusselloj@studiopress.com,7614254777,Laboratory,By Email,4pm - 6pm,true
Prof,Anton Sineath,asineathok@gnu.org,7185051338,Research,By Phone,10am - 12pm,true
Engr,Vivienne Oulner,voulnerol@over-blog.com,8912478113,Studio,By Phone,7pm- 9pm,true
Engr,Gonzales Kisbey,gkisbeyom@oracle.com,1958908294,Lecture,By Email,10am - 12pm,true
Mr,Harri Karolewski,hkarolewskion@aol.com,4173421570,Laboratory,By Email,1pm - 3pm,true
Mrs,Hewet Pellamont,hpellamontoo@cbsnews.com,6654706462,Laboratory,By Phone,2pm - 4pm,true
Prof,Tera Santen,tsantenop@icio.us,4722973314,Laboratory,By Email,8am - 10 am,true
Engr,Minerva Gribbins,mgribbinsoq@wikipedia.org,1172976295,Research,By Phone,7pm- 9pm,true
Engr,Kerry Hulk,khulkor@usda.gov,3734046113,Laboratory,By Phone,1pm - 3pm,true
Mr,Andrei Delmonti,adelmontios@java.com,8063826032,Lecture,By Email,8am - 10 am,true
Mr,Weidar Frenzel;,wfrenzelot@photobucket.com,3321585674,Research,By Phone,2pm - 4pm,true
Mrs,Gilberte Joyson,gjoysonou@smugmug.com,9983220182,Internship/Practicum,By Email,7pm- 9pm,true
Prof,Tobe Canwell,tcanwellov@jigsy.com,5819269704,Studio,By Phone,10am - 12pm,true
Engr,Mora Stuer,mstuerow@cloudflare.com,1277792780,Studio,By Email,5pm - 7pm,true
Engr,Ebba Snellman,esnellmanox@sitemeter.com,6427681084,Research,By Phone,8am - 10 am,true
Prof,Violet Sealy,vsealyoy@photobucket.com,2031031774,Laboratory,By Phone,5pm - 7pm,true
Ms,Ingrim Cubuzzi,icubuzzioz@biblegateway.com,7376080755,Studio,By Phone,6pm - 8pm,true
Mr,Rolando Garnett,rgarnettp0@dion.ne.jp,3741999257,Laboratory,By Phone,4pm - 6pm,true
Ms,Susanne Caldicot,scaldicotp1@alibaba.com,5668366376,Lecture,By Email,9am - 11am,true
Dr,Ray Freeth,rfreethp2@barnesandnoble.com,1327918561,Studio,By Phone,2pm - 4pm,true
Mrs,Claudie Dearn,cdearnp3@arizona.edu,6626989422,Independent Study,By Email,8am - 10 am,true
Ms,Angelique Pesticcio,apesticciop4@drupal.org,2029542192,Research,By Phone,9am - 11am,true
Engr,Caria Havock,chavockp5@google.com.au,6018493533,Studio,By Email,6pm - 8pm,true
Mr,Ezequiel Wogan,ewoganp6@soup.io,8739283246,Lecture Lab,By Email,7pm- 9pm,true
Mr,Devi Thurlow,dthurlowp7@cargocollective.com,8772546230,Lecture,By Phone,5pm - 7pm,true
Prof,Bancroft Yong,byongp8@barnesandnoble.com,4301316577,Studio,By Email,5pm - 7pm,true
Mrs,Udall Dubose,udubosep9@nymag.com,1562542567,Lecture Lab,By Email,4pm - 6pm,true
Mrs,Enrika Hazelton,ehazeltonpa@cam.ac.uk,1285041751,Research,By Email,7pm- 9pm,true
Mr,Tyson Docket,tdocketpb@yolasite.com,9491814345,Research,By Email,1pm - 3pm,true
Ms,Harald Pavier,hpavierpc@china.com.cn,9149666946,Laboratory,By Phone,3pm - 5pm,true
Prof,Maximilianus Brislen,mbrislenpd@craigslist.org,7664826568,Studio,By Phone,3pm - 5pm,true
Ms,Mariann Shills,mshillspe@timesonline.co.uk,4566226257,Research,By Phone,6pm - 8pm,true
Ms,Lilas Winterscale,lwinterscalepf@oracle.com,1029771072,Lecture,By Email,7pm- 9pm,true
Dr,Vanya MacPaike,vmacpaikepg@google.ca,3626055849,Studio,By Email,8am - 10 am,true
Dr,Wilfrid Rangell,wrangellph@baidu.com,8848282059,Independent Study,By Email,8pm - 10pm,true
Mrs,Daryle Cartlidge,dcartlidgepi@va.gov,9901016877,Studio,By Email,6pm - 8pm,true
Prof,Constanta Oleksinski,coleksinskipj@g.co,2456075622,Laboratory,By Phone,4pm - 6pm,true
Mrs,Fonz Ghiron,fghironpk@dot.gov,3727690843,Lecture,By Email,7pm- 9pm,true
Mr,Myrilla Eannetta,meannettapl@fc2.com,3202172730,Research,By Email,2pm - 4pm,true
Dr,Sheilah Gauntley,sgauntleypm@telegraph.co.uk,7141362726,Laboratory,By Phone,4pm - 6pm,true
Ms,Leigh McEntee,lmcenteepn@infoseek.co.jp,9114541234,Internship/Practicum,By Phone,8am - 10 am,true
Dr,Arlena Vallis,avallispo@1688.com,7429860483,Research,By Phone,6pm - 8pm,true
Mr,Derek Broadbear,dbroadbearpp@yolasite.com,5126317653,Studio,By Phone,4pm - 6pm,true
Dr,Jacques Abson,jabsonpq@yellowbook.com,1901381037,Independent Study,By Phone,10am - 12pm,true
Mrs,Anderson Baskwell,abaskwellpr@dion.ne.jp,9321306204,Lecture Lab,By Email,6pm - 8pm,true
Ms,Ettie Dellenbrok,edellenbrokps@dyndns.org,5438777696,Internship/Practicum,By Email,8pm - 10pm,true
Prof,Shay Balaizot,sbalaizotpt@ebay.co.uk,4134627456,Laboratory,By Email,10am - 12pm,true
Engr,Bron Spedding,bspeddingpu@behance.net,3967732621,Lecture,By Phone,4pm - 6pm,true
Prof,Dana Havik,dhavikpv@soup.io,2784786945,Independent Study,By Phone,2pm - 4pm,true
Mr,Chris Egleton,cegletonpw@hao123.com,5048042281,Lecture Lab,By Phone,8am - 10 am,true
Ms,Alysa Rousby,arousbypx@nymag.com,3868596615,Lecture,By Email,7pm- 9pm,true
Prof,Adel Leighfield,aleighfieldpy@soup.io,7658562321,Research,By Email,3pm - 5pm,true
Ms,Aguie Shewsmith,ashewsmithpz@icio.us,9977206306,Lecture,By Phone,1pm - 3pm,true
Ms,Susannah Sawtell,ssawtellq0@rakuten.co.jp,1771734059,Independent Study,By Phone,7pm- 9pm,true
Engr,Reggy Tokley,rtokleyq1@hp.com,7197143528,Research,By Phone,6pm - 8pm,true
Dr,Cesaro Hollier,chollierq2@cnbc.com,4623163883,Laboratory,By Phone,10am - 12pm,true
Mr,Mallissa Gammage,mgammageq3@topsy.com,3353092155,Research,By Email,5pm - 7pm,true
Mrs,Astrix Byer,abyerq4@homestead.com,4723660509,Lecture,By Email,3pm - 5pm,true
Ms,Tiphanie Lewens,tlewensq5@newsvine.com,1407939990,Independent Study,By Email,4pm - 6pm,true
Mr,Kenon Bloyes,kbloyesq6@tinyurl.com,3462030407,Research,By Email,7pm- 9pm,true
Dr,Mort Neward,mnewardq7@hhs.gov,4753685902,Lecture Lab,By Phone,6pm - 8pm,true
Mrs,Bordy Atterbury,batterburyq8@mapquest.com,2962252806,Independent Study,By Phone,1pm - 3pm,true
Engr,Rodina Insley,rinsleyq9@xinhuanet.com,9311576807,Lecture Lab,By Email,2pm - 4pm,true
Mr,Richy Lindemann,rlindemannqa@163.com,1211241430,Research,By Email,2pm - 4pm,true
Ms,Chris Woodrup,cwoodrupqb@livejournal.com,2783167367,Lecture,By Phone,2pm - 4pm,true
Mrs,Paxton Stillwell,pstillwellqc@nasa.gov,1157327555,Studio,By Phone,8am - 10 am,true
Prof,Zacharia Harkins,zharkinsqd@earthlink.net,6417087525,Lecture Lab,By Phone,1pm - 3pm,true
Prof,Jerrome Dillestone,jdillestoneqe@hc360.com,8215724151,Lecture Lab,By Email,1pm - 3pm,true
Dr,Ronalda Offield,roffieldqf@jiathis.com,4269464822,Independent Study,By Email,1pm - 3pm,true
Mr,Stephani Raddenbury,sraddenburyqg@disqus.com,2107656144,Lecture,By Phone,8pm - 10pm,true
Mrs,Audy Manicom,amanicomqh@usa.gov,9281007297,Internship/Practicum,By Phone,3pm - 5pm,true
Mrs,Esmeralda Corck,ecorckqi@mediafire.com,2847324247,Internship/Practicum,By Email,4pm - 6pm,true
Engr,Eli Bartrum,ebartrumqj@goo.gl,9977989201,Research,By Phone,8pm - 10pm,true
Prof,Laney Bottrill,lbottrillqk@miibeian.gov.cn,3992543311,Laboratory,By Phone,5pm - 7pm,true
Dr,Cinderella Birdseye,cbirdseyeql@storify.com,3657068108,Lecture,By Phone,10am - 12pm,true
Engr,Laughton Klemt,lklemtqm@theguardian.com,2185807938,Lecture Lab,By Email,4pm - 6pm,true
Ms,Shermie Hendrickson,shendricksonqn@ning.com,4654064129,Studio,By Phone,9am - 11am,true
Mrs,Elenore Risley,erisleyqo@pbs.org,7914729965,Studio,By Phone,3pm - 5pm,true
Dr,Sybille Arran,sarranqp@salon.com,6504862075,Lecture,By Phone,2pm - 4pm,true
Mr,Clareta Cansfield,ccansfieldqq@bbc.co.uk,3142991556,Studio,By Phone,9am - 11am,true
Mrs,Fleurette Trapp,ftrappqr@goo.gl,2652076394,Laboratory,By Phone,7pm- 9pm,true
Mr,Flore Ascrofte,fascrofteqs@webeden.co.uk,5116745958,Research,By Phone,8am - 10 am,true
Engr,Maegan Kalinovich,mkalinovichqt@discuz.net,7685216182,Lecture Lab,By Phone,8am - 10 am,true
Engr,Abdel Jopling,ajoplingqu@studiopress.com,2832547295,Independent Study,By Email,9am - 11am,true
Mrs,Gabe Casarini,gcasariniqv@moonfruit.com,3065730560,Studio,By Phone,5pm - 7pm,true
Ms,Fidel Klug,fklugqw@time.com,9744293007,Laboratory,By Phone,3pm - 5pm,true
Ms,Tiffany Tranckle,ttranckleqx@desdev.cn,9522683295,Lecture Lab,By Phone,7pm- 9pm,true
Dr,Hannie Fallow,hfallowqy@amazonaws.com,4143586414,Lecture,By Email,6pm - 8pm,true
Mrs,Chrissy Godthaab,cgodthaabqz@tripadvisor.com,4265601762,Laboratory,By Email,10am - 12pm,true
Ms,Dredi Hinze,dhinzer0@discuz.net,9468529864,Research,By Phone,8pm - 10pm,true
Prof,Nadean Emett,nemettr1@java.com,9172698258,Laboratory,By Email,3pm - 5pm,true
Engr,Hallie Joyner,hjoynerr2@pcworld.com,2527130932,Lecture Lab,By Email,7pm- 9pm,true
Engr,Symon Kenwood,skenwoodr3@washingtonpost.com,6345329500,Research,By Phone,4pm - 6pm,true
Prof,Ardelis O Mullen,aor4@google.co.jp,2513097252,Studio,By Email,6pm - 8pm,true
Dr,Teresa Marcinkowski,tmarcinkowskir5@goo.ne.jp,2402999593,Studio,By Phone,9am - 11am,true
Prof,Martica Fillon,mfillonr6@time.com,2577460031,Independent Study,By Email,7pm- 9pm,true
Mr,Rivy Oakeby,roakebyr7@nature.com,3854350590,Research,By Phone,3pm - 5pm,true
Engr,Tawsha Joret,tjoretr8@github.com,1772611352,Independent Study,By Phone,8pm - 10pm,true
Mr,Jesus Barth,jbarthr9@instagram.com,8721438431,Research,By Phone,10am - 12pm,true
Engr,Benjy Hailey,bhaileyra@123-reg.co.uk,5951057824,Lecture,By Phone,8pm - 10pm,true
Dr,Ed Fausch,efauschrb@cam.ac.uk,9161031444,Studio,By Phone,8pm - 10pm,true
Dr,Yolande Ragborne,yragbornerc@salon.com,1592880324,Lecture Lab,By Phone,3pm - 5pm,true
Dr,Gibb O'Sherin,gosherinrd@tumblr.com,5465645869,Research,By Phone,3pm - 5pm,true
Engr,Sile Cawtheray,scawtherayre@last.fm,2298145336,Independent Study,By Phone,6pm - 8pm,true
Mr,Dorise Whitlock,dwhitlockrf@upenn.edu,1028416988,Independent Study,By Email,9am - 11am,true
Mr,Aurora Doni,adonirg@aboutads.info,9817910154,Internship/Practicum,By Email,9am - 11am,true
Ms,Georgy Patrone,gpatronerh@omniture.com,7219919702,Research,By Email,3pm - 5pm,true
Dr,Wiatt Hazeldean,whazeldeanri@webs.com,9446447382,Lecture,By Phone,8pm - 10pm,true
Mrs,Fancy Benstead,fbensteadrj@com.com,6675204985,Lecture,By Email,9am - 11am,true
Prof,Ertha Garcia,egarciark@discovery.com,6846219272,Independent Study,By Phone,8am - 10 am,true
Mrs,Ceil Ruddin,cruddinrl@usgs.gov,4088071951,Independent Study,By Phone,7pm- 9pm,true
Engr,Addison Kelsell,akelsellrm@example.com,2412578051,Independent Study,By Email,7pm- 9pm,true
Dr,Marie-jeanne Messitt,mmessittrn@umn.edu,7909399650,Lecture,By Phone,4pm - 6pm,true
Mrs,Cammy Attle,cattlero@booking.com,1129713884,Lecture,By Phone,10am - 12pm,true
Mr,Ruthe Nowick,rnowickrp@samsung.com,8156440555,Laboratory,By Phone,4pm - 6pm,true
Engr,Gardener Awin,gawinrq@state.tx.us,1627813509,Laboratory,By Email,7pm- 9pm,true
Dr,Flo Tremlett,ftremlettrr@pinterest.com,5527945018,Lecture Lab,By Phone,8am - 10 am,true
